Using pre-set license
Built from '6000.0/release' branch; Version is '6000.0.44f1 (101c91f3a8fb) revision 1055889'; Using compiler version '193933523'; Build Type 'Release'
OS: 'Windows 11  (10.0.22631) 64bit CoreSingleLanguage' Language: 'vi' Physical Memory: 7896 MB
BatchMode: 1, IsHumanControllingUs: 0, StartBugReporterOnCrash: 0, Is64bit: 1, IsPro: 1

COMMAND LINE ARGUMENTS:
D:\game\6000.0.44f1\Editor\Unity.exe
-adb2
-batchMode
-noUpm
-name
AssetImportWorker6
-projectPath
D:/game/URA
-logFile
Logs/AssetImportWorker6.log
-srvPort
49941
-job-worker-count
7
-background-job-worker-count
8
-gc-helper-count
1
Successfully changed project path to: D:/game/URA
D:/game/URA
[UnityMemory] Configuration Parameters - Can be set up in boot.config
    "memorysetup-bucket-allocator-granularity=16"
    "memorysetup-bucket-allocator-bucket-count=8"
    "memorysetup-bucket-allocator-block-size=33554432"
    "memorysetup-bucket-allocator-block-count=8"
    "memorysetup-main-allocator-block-size=16777216"
    "memorysetup-thread-allocator-block-size=16777216"
    "memorysetup-gfx-main-allocator-block-size=16777216"
    "memorysetup-gfx-thread-allocator-block-size=16777216"
    "memorysetup-cache-allocator-block-size=4194304"
    "memorysetup-typetree-allocator-block-size=2097152"
    "memorysetup-profiler-bucket-allocator-granularity=16"
    "memorysetup-profiler-bucket-allocator-bucket-count=8"
    "memorysetup-profiler-bucket-allocator-block-size=33554432"
    "memorysetup-profiler-bucket-allocator-block-count=8"
    "memorysetup-profiler-allocator-block-size=16777216"
    "memorysetup-profiler-editor-allocator-block-size=1048576"
    "memorysetup-temp-allocator-size-main=16777216"
    "memorysetup-job-temp-allocator-block-size=2097152"
    "memorysetup-job-temp-allocator-block-size-background=1048576"
    "memorysetup-job-temp-allocator-reduction-small-platforms=262144"
    "memorysetup-allocator-temp-initial-block-size-main=262144"
    "memorysetup-allocator-temp-initial-block-size-worker=262144"
    "memorysetup-temp-allocator-size-background-worker=32768"
    "memorysetup-temp-allocator-size-job-worker=262144"
    "memorysetup-temp-allocator-size-preload-manager=33554432"
    "memorysetup-temp-allocator-size-nav-mesh-worker=65536"
    "memorysetup-temp-allocator-size-audio-worker=65536"
    "memorysetup-temp-allocator-size-cloud-worker=32768"
    "memorysetup-temp-allocator-size-gi-baking-worker=262144"
    "memorysetup-temp-allocator-size-gi-baking-worker=262144"
    "memorysetup-temp-allocator-size-gi-baking-worker=262144"
    "memorysetup-temp-allocator-size-gi-baking-worker=262144"
    "memorysetup-temp-allocator-size-gi-baking-worker=262144"
    "memorysetup-temp-allocator-size-gfx=262144"
Player connection [5792]  Target information:

Player connection [5792]  * "[IP] 192.168.1.53 [Port] 0 [Flags] 2 [Guid] 1504595914 [EditorId] 1504595914 [Version] 1048832 [Id] WindowsEditor(7,LAPTOP-I8RA7AQE) [Debug] 1 [PackageName] WindowsEditor [ProjectName] Editor" 

Player connection [5792] Host joined multi-casting on [225.0.0.222:54997]...
Player connection [5792] Host joined alternative multi-casting on [225.0.0.222:34997]...
JobSystem: Creating JobQueue using job-worker-count value 7
Input System module state changed to: Initialized.
[Physics::Module] Initialized fallback backend.
[Physics::Module] Id: 0xdecafbad
Library Redirect Path: Library/
[Physics::Module] Selected backend.
[Physics::Module] Name: PhysX
[Physics::Module] Id: 0xf2b8ea05
[Physics::Module] SDK Version: 4.1.2
[Physics::Module] Integration Version: 1.0.0
[Physics::Module] Threading Mode: Multi-Threaded
Refreshing native plugins compatible for Editor in 1149.20 ms, found 3 plugins.
Preloading 0 native plugins for Editor in 0.00 ms.
Initialize engine version: 6000.0.44f1 (101c91f3a8fb)
[Subsystems] Discovering subsystems at path D:/game/6000.0.44f1/Editor/Data/Resources/UnitySubsystems
[Subsystems] Discovering subsystems at path D:/game/URA/Assets
GfxDevice: creating device client; kGfxThreadingModeNonThreaded
Direct3D:
    Version:  Direct3D 11.0 [level 11.1]
    Renderer: NVIDIA GeForce RTX 3050 Laptop GPU (ID=0x25a2)
    Vendor:   NVIDIA
    VRAM:     3991 MB
    Driver:   30.0.15.1274
Initialize mono
Mono path[0] = 'D:/game/6000.0.44f1/Editor/Data/Managed'
Mono path[1] = 'D:/game/6000.0.44f1/Editor/Data/MonoBleedingEdge/lib/mono/unityjit-win32'
Mono config path = 'D:/game/6000.0.44f1/Editor/Data/MonoBleedingEdge/etc'
Using monoOptions --debugger-agent=transport=dt_socket,embedding=1,server=y,suspend=n,address=127.0.0.1:56260
Begin MonoManager ReloadAssembly
Registering precompiled unity dll's ...
Register platform support module: D:/game/6000.0.44f1/Editor/Data/PlaybackEngines/WindowsStandaloneSupport/UnityEditor.WindowsStandalone.Extensions.dll
Register platform support module: D:/game/6000.0.44f1/Editor/Data/PlaybackEngines/AndroidPlayer/UnityEditor.Android.Extensions.dll
Registered in 0.006796 seconds.
- Loaded All Assemblies, in  0.762 seconds
Native extension for Android target not found
Android Extension - Scanning For ADB Devices 529 ms
Native extension for WindowsStandalone target not found
Mono: successfully reloaded assembly
- Finished resetting the current domain, in  0.970 seconds
Domain Reload Profiling: 1732ms
	BeginReloadAssembly (377ms)
		ExecutionOrderSort (0ms)
		DisableScriptedObjects (0ms)
		BackupInstance (0ms)
		ReleaseScriptingObjects (0ms)
		CreateAndSetChildDomain (4ms)
	RebuildCommonClasses (81ms)
	RebuildNativeTypeToScriptingClass (11ms)
	initialDomainReloadingComplete (74ms)
	LoadAllAssembliesAndSetupDomain (219ms)
		LoadAssemblies (374ms)
		RebuildTransferFunctionScriptingTraits (0ms)
		AnalyzeDomain (212ms)
			TypeCache.Refresh (209ms)
				TypeCache.ScanAssembly (187ms)
			BuildScriptInfoCaches (0ms)
			ResolveRequiredComponents (1ms)
	FinalizeReload (970ms)
		ReleaseScriptCaches (0ms)
		RebuildScriptCaches (0ms)
		SetupLoadedEditorAssemblies (888ms)
			LogAssemblyErrors (0ms)
			InitializePlatformSupportModulesInManaged (622ms)
			SetLoadedEditorAssemblies (3ms)
			BeforeProcessingInitializeOnLoad (44ms)
			ProcessInitializeOnLoadAttributes (131ms)
			ProcessInitializeOnLoadMethodAttributes (88ms)
			AfterProcessingInitializeOnLoad (0ms)
			EditorAssembliesLoaded (0ms)
		ExecutionOrderSort2 (0ms)
		AwakeInstancesAfterBackupRestoration (0ms)
========================================================================
Worker process is ready to serve import requests
Import Worker Mode flag is 0x00
Begin MonoManager ReloadAssembly
- Loaded All Assemblies, in  0.841 seconds
Refreshing native plugins compatible for Editor in 2.40 ms, found 3 plugins.
Native extension for Android target not found
Native extension for WindowsStandalone target not found
Mono: successfully reloaded assembly
- Finished resetting the current domain, in  0.637 seconds
Domain Reload Profiling: 1477ms
	BeginReloadAssembly (158ms)
		ExecutionOrderSort (0ms)
		DisableScriptedObjects (4ms)
		BackupInstance (0ms)
		ReleaseScriptingObjects (0ms)
		CreateAndSetChildDomain (26ms)
	RebuildCommonClasses (34ms)
	RebuildNativeTypeToScriptingClass (12ms)
	initialDomainReloadingComplete (34ms)
	LoadAllAssembliesAndSetupDomain (602ms)
		LoadAssemblies (509ms)
		RebuildTransferFunctionScriptingTraits (0ms)
		AnalyzeDomain (195ms)
			TypeCache.Refresh (150ms)
				TypeCache.ScanAssembly (130ms)
			BuildScriptInfoCaches (38ms)
			ResolveRequiredComponents (4ms)
	FinalizeReload (637ms)
		ReleaseScriptCaches (0ms)
		RebuildScriptCaches (0ms)
		SetupLoadedEditorAssemblies (528ms)
			LogAssemblyErrors (0ms)
			InitializePlatformSupportModulesInManaged (10ms)
			SetLoadedEditorAssemblies (3ms)
			BeforeProcessingInitializeOnLoad (72ms)
			ProcessInitializeOnLoadAttributes (421ms)
			ProcessInitializeOnLoadMethodAttributes (19ms)
			AfterProcessingInitializeOnLoad (2ms)
			EditorAssembliesLoaded (0ms)
		ExecutionOrderSort2 (0ms)
		AwakeInstancesAfterBackupRestoration (6ms)
Launched and connected shader compiler UnityShaderCompiler.exe after 0.02 seconds
Refreshing native plugins compatible for Editor in 1.31 ms, found 3 plugins.
Preloading 0 native plugins for Editor in 0.00 ms.
Unloading 22 Unused Serialized files (Serialized files now loaded: 0)
Unloading 3347 unused Assets / (1.4 MB). Loaded Objects now: 3850.
Memory consumption went from 86.2 MB to 84.8 MB.
Total: 7.128600 ms (FindLiveObjects: 0.815400 ms CreateObjectMapping: 0.230700 ms MarkObjects: 4.181400 ms  DeleteObjects: 1.899900 ms)

========================================================================
Received Prepare
Begin MonoManager ReloadAssembly
- Loaded All Assemblies, in  2.956 seconds
Refreshing native plugins compatible for Editor in 0.85 ms, found 3 plugins.
Native extension for Android target not found
Native extension for WindowsStandalone target not found
Mono: successfully reloaded assembly
- Finished resetting the current domain, in  0.789 seconds
Domain Reload Profiling: 3772ms
	BeginReloadAssembly (982ms)
		ExecutionOrderSort (0ms)
		DisableScriptedObjects (102ms)
		BackupInstance (0ms)
		ReleaseScriptingObjects (1ms)
		CreateAndSetChildDomain (322ms)
	RebuildCommonClasses (104ms)
	RebuildNativeTypeToScriptingClass (19ms)
	initialDomainReloadingComplete (134ms)
	LoadAllAssembliesAndSetupDomain (1744ms)
		LoadAssemblies (1572ms)
		RebuildTransferFunctionScriptingTraits (0ms)
		AnalyzeDomain (417ms)
			TypeCache.Refresh (68ms)
				TypeCache.ScanAssembly (0ms)
			BuildScriptInfoCaches (312ms)
			ResolveRequiredComponents (11ms)
	FinalizeReload (789ms)
		ReleaseScriptCaches (0ms)
		RebuildScriptCaches (0ms)
		SetupLoadedEditorAssemblies (636ms)
			LogAssemblyErrors (0ms)
			InitializePlatformSupportModulesInManaged (12ms)
			SetLoadedEditorAssemblies (7ms)
			BeforeProcessingInitializeOnLoad (91ms)
			ProcessInitializeOnLoadAttributes (500ms)
			ProcessInitializeOnLoadMethodAttributes (23ms)
			AfterProcessingInitializeOnLoad (2ms)
			EditorAssembliesLoaded (0ms)
		ExecutionOrderSort2 (0ms)
		AwakeInstancesAfterBackupRestoration (7ms)
Refreshing native plugins compatible for Editor in 1.77 ms, found 3 plugins.
Preloading 0 native plugins for Editor in 0.00 ms.
Unloading 0 Unused Serialized files (Serialized files now loaded: 0)
Unloading 3345 unused Assets / (1.2 MB). Loaded Objects now: 3850.
Memory consumption went from 81.9 MB to 80.7 MB.
Total: 12.101500 ms (FindLiveObjects: 0.717700 ms CreateObjectMapping: 0.348700 ms MarkObjects: 8.341300 ms  DeleteObjects: 2.682200 ms)

Prepare: number of updated asset objects reloaded= 0
========================================================================
Received Prepare
Begin MonoManager ReloadAssembly
- Loaded All Assemblies, in  0.664 seconds
Refreshing native plugins compatible for Editor in 1.01 ms, found 3 plugins.
Native extension for Android target not found
Native extension for WindowsStandalone target not found
Mono: successfully reloaded assembly
- Finished resetting the current domain, in  0.666 seconds
Domain Reload Profiling: 1332ms
	BeginReloadAssembly (192ms)
		ExecutionOrderSort (0ms)
		DisableScriptedObjects (5ms)
		BackupInstance (0ms)
		ReleaseScriptingObjects (0ms)
		CreateAndSetChildDomain (47ms)
	RebuildCommonClasses (53ms)
	RebuildNativeTypeToScriptingClass (17ms)
	initialDomainReloadingComplete (34ms)
	LoadAllAssembliesAndSetupDomain (369ms)
		LoadAssemblies (345ms)
		RebuildTransferFunctionScriptingTraits (0ms)
		AnalyzeDomain (130ms)
			TypeCache.Refresh (9ms)
				TypeCache.ScanAssembly (0ms)
			BuildScriptInfoCaches (111ms)
			ResolveRequiredComponents (8ms)
	FinalizeReload (667ms)
		ReleaseScriptCaches (0ms)
		RebuildScriptCaches (0ms)
		SetupLoadedEditorAssemblies (515ms)
			LogAssemblyErrors (0ms)
			InitializePlatformSupportModulesInManaged (10ms)
			SetLoadedEditorAssemblies (4ms)
			BeforeProcessingInitializeOnLoad (78ms)
			ProcessInitializeOnLoadAttributes (385ms)
			ProcessInitializeOnLoadMethodAttributes (37ms)
			AfterProcessingInitializeOnLoad (2ms)
			EditorAssembliesLoaded (0ms)
		ExecutionOrderSort2 (0ms)
		AwakeInstancesAfterBackupRestoration (9ms)
Refreshing native plugins compatible for Editor in 1.41 ms, found 3 plugins.
Preloading 0 native plugins for Editor in 0.00 ms.
Unloading 0 Unused Serialized files (Serialized files now loaded: 0)
Unloading 3345 unused Assets / (1.3 MB). Loaded Objects now: 3850.
Memory consumption went from 81.9 MB to 80.7 MB.
Total: 10.526800 ms (FindLiveObjects: 1.012900 ms CreateObjectMapping: 0.810900 ms MarkObjects: 6.527500 ms  DeleteObjects: 2.171900 ms)

Prepare: number of updated asset objects reloaded= 0
========================================================================
Received Prepare
Begin MonoManager ReloadAssembly
- Loaded All Assemblies, in  0.591 seconds
Refreshing native plugins compatible for Editor in 0.86 ms, found 3 plugins.
Native extension for Android target not found
Native extension for WindowsStandalone target not found
Mono: successfully reloaded assembly
- Finished resetting the current domain, in  0.600 seconds
Domain Reload Profiling: 1194ms
	BeginReloadAssembly (198ms)
		ExecutionOrderSort (0ms)
		DisableScriptedObjects (6ms)
		BackupInstance (0ms)
		ReleaseScriptingObjects (0ms)
		CreateAndSetChildDomain (49ms)
	RebuildCommonClasses (36ms)
	RebuildNativeTypeToScriptingClass (11ms)
	initialDomainReloadingComplete (21ms)
	LoadAllAssembliesAndSetupDomain (326ms)
		LoadAssemblies (296ms)
		RebuildTransferFunctionScriptingTraits (0ms)
		AnalyzeDomain (139ms)
			TypeCache.Refresh (8ms)
				TypeCache.ScanAssembly (0ms)
			BuildScriptInfoCaches (124ms)
			ResolveRequiredComponents (4ms)
	FinalizeReload (601ms)
		ReleaseScriptCaches (0ms)
		RebuildScriptCaches (0ms)
		SetupLoadedEditorAssemblies (494ms)
			LogAssemblyErrors (0ms)
			InitializePlatformSupportModulesInManaged (9ms)
			SetLoadedEditorAssemblies (3ms)
			BeforeProcessingInitializeOnLoad (65ms)
			ProcessInitializeOnLoadAttributes (378ms)
			ProcessInitializeOnLoadMethodAttributes (36ms)
			AfterProcessingInitializeOnLoad (2ms)
			EditorAssembliesLoaded (0ms)
		ExecutionOrderSort2 (0ms)
		AwakeInstancesAfterBackupRestoration (8ms)
Refreshing native plugins compatible for Editor in 1.09 ms, found 3 plugins.
Preloading 0 native plugins for Editor in 0.00 ms.
Unloading 0 Unused Serialized files (Serialized files now loaded: 0)
Unloading 3345 unused Assets / (1.2 MB). Loaded Objects now: 3850.
Memory consumption went from 81.9 MB to 80.7 MB.
Total: 10.827000 ms (FindLiveObjects: 0.501800 ms CreateObjectMapping: 0.744100 ms MarkObjects: 7.257700 ms  DeleteObjects: 2.320600 ms)

Prepare: number of updated asset objects reloaded= 0
========================================================================
Received Import Request.
  Time since last request: 510788.967219 seconds.
  path: Assets/Cute Supermarket Lite/CuteSupermarketLiteURP.unitypackage
  artifactKey: Guid(17b48f3c531ad994aad46b9d34118e5d) Importer(2089858483,192608db42251d675da83286b1cce702)
Start importing Assets/Cute Supermarket Lite/CuteSupermarketLiteURP.unitypackage using Guid(17b48f3c531ad994aad46b9d34118e5d) Importer(2089858483,192608db42251d675da83286b1cce702) (ScriptedImporter) -> (artifact id: '1253b13cb59cfe538c26319d8e735c0a') in 0.221159 seconds
Number of updated asset objects reloaded before import = 0Number of asset objects unloaded after import = 1

========================================================================
Received Import Request.
  Time since last request: 0.000032 seconds.
  path: Assets/Scripts/FixedTouchField.cs
  artifactKey: Guid(1121ccdcfae20b748bebb81f3a7152ac) Importer(2089858483,192608db42251d675da83286b1cce702)
Start importing Assets/Scripts/FixedTouchField.cs using Guid(1121ccdcfae20b748bebb81f3a7152ac) Importer(2089858483,192608db42251d675da83286b1cce702) (ScriptedImporter) -> (artifact id: 'f9526ecf6e1f11865ea832b301be5e65') in 0.0528984 seconds
Number of updated asset objects reloaded before import = 0Number of asset objects unloaded after import = 0

========================================================================
Received Import Request.
  Time since last request: 0.000128 seconds.
  path: Assets/Cute Supermarket Lite/Prefabs/roll_toilet.prefab
  artifactKey: Guid(2f120549ced5a7240a1b5f0bb5ce2254) Importer(2089858483,192608db42251d675da83286b1cce702)
Start importing Assets/Cute Supermarket Lite/Prefabs/roll_toilet.prefab using Guid(2f120549ced5a7240a1b5f0bb5ce2254) Importer(2089858483,192608db42251d675da83286b1cce702) (ScriptedImporter) -> (artifact id: '847738c76f0d5f6f7d9326da74c7229b') in 0.1046603 seconds
Number of updated asset objects reloaded before import = 0Number of asset objects unloaded after import = 9

========================================================================
Received Import Request.
  Time since last request: 0.000101 seconds.
  path: Assets/Materials/Floor2.mat
  artifactKey: Guid(0cf861529a80c974194bc7686a360471) Importer(2089858483,192608db42251d675da83286b1cce702)
Start importing Assets/Materials/Floor2.mat using Guid(0cf861529a80c974194bc7686a360471) Importer(2089858483,192608db42251d675da83286b1cce702) (ScriptedImporter) -> (artifact id: '715643372478413554d90044b83b69dc') in 0.0536575 seconds
Number of updated asset objects reloaded before import = 0Number of asset objects unloaded after import = 1

========================================================================
Received Import Request.
  Time since last request: 0.000021 seconds.
  path: Assets/Cute Supermarket Lite/Models/potato.fbx
  artifactKey: Guid(664bd84c877e886438575cb3c48a466e) Importer(2089858483,192608db42251d675da83286b1cce702)
Start importing Assets/Cute Supermarket Lite/Models/potato.fbx using Guid(664bd84c877e886438575cb3c48a466e) Importer(2089858483,192608db42251d675da83286b1cce702) (ScriptedImporter) -> (artifact id: '3c8e809e70540ea4f49ba39e59bd3592') in 0.0692816 seconds
Number of updated asset objects reloaded before import = 0Number of asset objects unloaded after import = 7

========================================================================
Received Import Request.
  Time since last request: 0.000050 seconds.
  path: Assets/Cute Supermarket Lite/Prefabs/chocolate.prefab
  artifactKey: Guid(9aaf52fce2e472c428b3649bcc1d719a) Importer(2089858483,192608db42251d675da83286b1cce702)
Start importing Assets/Cute Supermarket Lite/Prefabs/chocolate.prefab using Guid(9aaf52fce2e472c428b3649bcc1d719a) Importer(2089858483,192608db42251d675da83286b1cce702) (ScriptedImporter) -> (artifact id: '214cd41774cefef5af3cb9168ef3877f') in 0.0791912 seconds
Number of updated asset objects reloaded before import = 0Number of asset objects unloaded after import = 9

========================================================================
Received Import Request.
  Time since last request: 0.000056 seconds.
  path: Assets/Prefabs/Supermercado/Apple.fbx
  artifactKey: Guid(eee09a6acb60ed846bf7d528d92251a6) Importer(2089858483,192608db42251d675da83286b1cce702)
Start importing Assets/Prefabs/Supermercado/Apple.fbx using Guid(eee09a6acb60ed846bf7d528d92251a6) Importer(2089858483,192608db42251d675da83286b1cce702) (ScriptedImporter) -> (artifact id: '63279bdf8a2fbd0f025720e36a74e554') in 0.0381649 seconds
Number of updated asset objects reloaded before import = 0Number of asset objects unloaded after import = 16

========================================================================
Received Import Request.
  Time since last request: 0.000022 seconds.
  path: Assets/Joystick Pack/Documentaion.pdf
  artifactKey: Guid(cfa813ed406827e43b967abd54ab5b9a) Importer(2089858483,192608db42251d675da83286b1cce702)
Start importing Assets/Joystick Pack/Documentaion.pdf using Guid(cfa813ed406827e43b967abd54ab5b9a) Importer(2089858483,192608db42251d675da83286b1cce702) (ScriptedImporter) -> (artifact id: 'fcfb581426dcf74a4fcd531c9c318b2e') in 0.0171728 seconds
Number of updated asset objects reloaded before import = 0Number of asset objects unloaded after import = 1

========================================================================
Received Import Request.
  Time since last request: 0.000158 seconds.
  path: Assets/Cute Supermarket Lite/Models/bottle_flat_darkBlue.fbx
  artifactKey: Guid(1a01d73c9176554428fda5c78781de5c) Importer(2089858483,192608db42251d675da83286b1cce702)
Start importing Assets/Cute Supermarket Lite/Models/bottle_flat_darkBlue.fbx using Guid(1a01d73c9176554428fda5c78781de5c) Importer(2089858483,192608db42251d675da83286b1cce702) (ScriptedImporter) -> (artifact id: '4893dd92bdf2d3c4cf4231f300385d5f') in 0.0414479 seconds
Number of updated asset objects reloaded before import = 0Number of asset objects unloaded after import = 7

========================================================================
Received Import Request.
  Time since last request: 0.000033 seconds.
  path: Assets/Prefabs/Supermercado/fish.fbx
  artifactKey: Guid(a89b8b18a881e4c458bc3abf9742476f) Importer(2089858483,192608db42251d675da83286b1cce702)
Start importing Assets/Prefabs/Supermercado/fish.fbx using Guid(a89b8b18a881e4c458bc3abf9742476f) Importer(2089858483,192608db42251d675da83286b1cce702) (ScriptedImporter) -> (artifact id: '49bb55498fd5d3ea5e9edd9c9cbbab92') in 0.0588131 seconds
Number of updated asset objects reloaded before import = 0Number of asset objects unloaded after import = 9

========================================================================
Received Import Request.
  Time since last request: 0.000027 seconds.
  path: Assets/Cute Supermarket Lite/Models/can_food_blue.fbx
  artifactKey: Guid(fa1948e9136853844a6af52e43e19c51) Importer(2089858483,192608db42251d675da83286b1cce702)
Start importing Assets/Cute Supermarket Lite/Models/can_food_blue.fbx using Guid(fa1948e9136853844a6af52e43e19c51) Importer(2089858483,192608db42251d675da83286b1cce702) (ScriptedImporter) -> (artifact id: '7106ef47e287bda999699d443d951e67') in 0.0344526 seconds
Number of updated asset objects reloaded before import = 0Number of asset objects unloaded after import = 7

========================================================================
Received Import Request.
  Time since last request: 0.000223 seconds.
  path: Assets/Joystick Pack/Examples/Example Scene.unity
  artifactKey: Guid(414bddd31c5ea4f4c9f5d1452e5bbb41) Importer(2089858483,192608db42251d675da83286b1cce702)
Start importing Assets/Joystick Pack/Examples/Example Scene.unity using Guid(414bddd31c5ea4f4c9f5d1452e5bbb41) Importer(2089858483,192608db42251d675da83286b1cce702) (ScriptedImporter) -> (artifact id: 'a35acaba47f7be65e8b999c01efe659b') in 0.035442 seconds
Number of updated asset objects reloaded before import = 0Number of asset objects unloaded after import = 1

========================================================================
Received Import Request.
  Time since last request: 0.000104 seconds.
  path: Assets/Prefabs/Supermercado/shelfMarker4.fbx
  artifactKey: Guid(f0bb379693ac5ea4988ecd099dfcc21f) Importer(2089858483,192608db42251d675da83286b1cce702)
Start importing Assets/Prefabs/Supermercado/shelfMarker4.fbx using Guid(f0bb379693ac5ea4988ecd099dfcc21f) Importer(2089858483,192608db42251d675da83286b1cce702) (ScriptedImporter) -> (artifact id: '55989a65a283e764e0a5816f6916278c') in 0.0552411 seconds
Number of updated asset objects reloaded before import = 0Number of asset objects unloaded after import = 16

========================================================================
Received Import Request.
  Time since last request: 0.000080 seconds.
  path: Assets/TextMesh Pro/Resources/TMP Settings.asset
  artifactKey: Guid(3f5b5dff67a942289a9defa416b206f3) Importer(2089858483,192608db42251d675da83286b1cce702)
Start importing Assets/TextMesh Pro/Resources/TMP Settings.asset using Guid(3f5b5dff67a942289a9defa416b206f3) Importer(2089858483,192608db42251d675da83286b1cce702) (ScriptedImporter) -> (artifact id: '1a92e07bdef014728822ff77e19c7ca0') in 0.1288485 seconds
Number of updated asset objects reloaded before import = 0Number of asset objects unloaded after import = 15

========================================================================
Received Import Request.
  Time since last request: 0.000040 seconds.
  path: Assets/Cute Supermarket Lite/Prefabs/can_food_small_brown.prefab
  artifactKey: Guid(b20045e6c3596734b856aa518cc09686) Importer(2089858483,192608db42251d675da83286b1cce702)
Start importing Assets/Cute Supermarket Lite/Prefabs/can_food_small_brown.prefab using Guid(b20045e6c3596734b856aa518cc09686) Importer(2089858483,192608db42251d675da83286b1cce702) (ScriptedImporter) -> (artifact id: '5311d0f416640abe1b7f8e614a12b14e') in 0.069982 seconds
Number of updated asset objects reloaded before import = 0Number of asset objects unloaded after import = 9

========================================================================
Received Import Request.
  Time since last request: 0.000648 seconds.
  path: Assets/Cute Supermarket Lite/Models/donut_red.fbx
  artifactKey: Guid(7f37f00eb8ba84949b02ade55a683807) Importer(2089858483,192608db42251d675da83286b1cce702)
Start importing Assets/Cute Supermarket Lite/Models/donut_red.fbx using Guid(7f37f00eb8ba84949b02ade55a683807) Importer(2089858483,192608db42251d675da83286b1cce702) (ScriptedImporter) -> (artifact id: 'a2be6e062359601506fa5ec4184bce51') in 0.0470713 seconds
Number of updated asset objects reloaded before import = 0Number of asset objects unloaded after import = 7

========================================================================
Received Import Request.
  Time since last request: 0.000026 seconds.
  path: Assets/Sprites/AllAxis_Outline.png
  artifactKey: Guid(a542250c32886a64687cd7b75cdf87f0) Importer(2089858483,192608db42251d675da83286b1cce702)
Start importing Assets/Sprites/AllAxis_Outline.png using Guid(a542250c32886a64687cd7b75cdf87f0) Importer(2089858483,192608db42251d675da83286b1cce702) (ScriptedImporter) -> (artifact id: '9b25c4e4661ef55776c1e95a96ad9430') in 0.1190279 seconds
Number of updated asset objects reloaded before import = 0Number of asset objects unloaded after import = 3

========================================================================
Received Import Request.
  Time since last request: 0.000020 seconds.
  path: Assets/Scripts/SelectableItem.cs
  artifactKey: Guid(8553019bc6449394196431f36290b92d) Importer(2089858483,192608db42251d675da83286b1cce702)
Start importing Assets/Scripts/SelectableItem.cs using Guid(8553019bc6449394196431f36290b92d) Importer(2089858483,192608db42251d675da83286b1cce702) (ScriptedImporter) -> (artifact id: '7918e7fb5c74f451d6f32cde0a81214f') in 0.0247812 seconds
Number of updated asset objects reloaded before import = 0Number of asset objects unloaded after import = 0

========================================================================
Received Import Request.
  Time since last request: 0.000128 seconds.
  path: Assets/Joystick Pack/Examples/Player.mat
  artifactKey: Guid(59e4faf24927edf4a82f463ad16f1c37) Importer(2089858483,192608db42251d675da83286b1cce702)
Start importing Assets/Joystick Pack/Examples/Player.mat using Guid(59e4faf24927edf4a82f463ad16f1c37) Importer(2089858483,192608db42251d675da83286b1cce702) (ScriptedImporter) -> (artifact id: 'cd68ac0938f7da6788b87d07d7bf7d32') in 0.0340574 seconds
Number of updated asset objects reloaded before import = 0Number of asset objects unloaded after import = 1

========================================================================
Received Import Request.
  Time since last request: 0.000049 seconds.
  path: Assets/Cute Supermarket Lite/Models/dressing_mayo.fbx
  artifactKey: Guid(353835e01b27f474298a02506b56f10c) Importer(2089858483,192608db42251d675da83286b1cce702)
Start importing Assets/Cute Supermarket Lite/Models/dressing_mayo.fbx using Guid(353835e01b27f474298a02506b56f10c) Importer(2089858483,192608db42251d675da83286b1cce702) (ScriptedImporter) -> (artifact id: '0ccdabcca776b2e10bab4ebaf2fff5f5') in 0.0324173 seconds
Number of updated asset objects reloaded before import = 0Number of asset objects unloaded after import = 7

========================================================================
Received Import Request.
  Time since last request: 0.000072 seconds.
  path: Assets/Prefabs/Supermercado/tomate.fbx
  artifactKey: Guid(e4598ad9e220bdc4d9f46517961a2ee4) Importer(2089858483,192608db42251d675da83286b1cce702)
Start importing Assets/Prefabs/Supermercado/tomate.fbx using Guid(e4598ad9e220bdc4d9f46517961a2ee4) Importer(2089858483,192608db42251d675da83286b1cce702) (ScriptedImporter) -> (artifact id: '87fcbc2d0b36901b0f098e9eda606107') in 0.0350869 seconds
Number of updated asset objects reloaded before import = 0Number of asset objects unloaded after import = 17

========================================================================
Received Import Request.
  Time since last request: 0.000021 seconds.
  path: Assets/Cute Supermarket Lite/Prefabs/bottle2_pink.prefab
  artifactKey: Guid(7cd44d83ebf4ecc439b1f943cbd3f50a) Importer(2089858483,192608db42251d675da83286b1cce702)
Start importing Assets/Cute Supermarket Lite/Prefabs/bottle2_pink.prefab using Guid(7cd44d83ebf4ecc439b1f943cbd3f50a) Importer(2089858483,192608db42251d675da83286b1cce702) (ScriptedImporter) -> (artifact id: '1639df815b2899335ae23079cf1d36ab') in 0.0560408 seconds
Number of updated asset objects reloaded before import = 0Number of asset objects unloaded after import = 9

========================================================================
Received Import Request.
  Time since last request: 0.000030 seconds.
  path: Assets/TextMesh Pro/Shaders/TMPro_Surface.cginc
  artifactKey: Guid(d930090c0cd643c7b55f19a38538c162) Importer(2089858483,192608db42251d675da83286b1cce702)
Start importing Assets/TextMesh Pro/Shaders/TMPro_Surface.cginc using Guid(d930090c0cd643c7b55f19a38538c162) Importer(2089858483,192608db42251d675da83286b1cce702) (ScriptedImporter) -> (artifact id: '42494ecaa9d0e89552e95ccc50fad67b') in 0.0303818 seconds
Number of updated asset objects reloaded before import = 0Number of asset objects unloaded after import = 1

========================================================================
Received Import Request.
  Time since last request: 0.000095 seconds.
  path: Assets/TextMesh Pro/Shaders/TMP_SDF Overlay.shader
  artifactKey: Guid(dd89cf5b9246416f84610a006f916af7) Importer(2089858483,192608db42251d675da83286b1cce702)
Start importing Assets/TextMesh Pro/Shaders/TMP_SDF Overlay.shader using Guid(dd89cf5b9246416f84610a006f916af7) Importer(2089858483,192608db42251d675da83286b1cce702) (ScriptedImporter) -> (artifact id: '68c0a41f5efb4ee76b462549e2f17ec2') in 0.0282359 seconds
Number of updated asset objects reloaded before import = 0Number of asset objects unloaded after import = 1

========================================================================
Received Import Request.
  Time since last request: 0.000129 seconds.
  path: Assets/TextMesh Pro/Shaders/TMP_SDF-Mobile SSD.shader
  artifactKey: Guid(c8d12adcee749c344b8117cf7c7eb912) Importer(2089858483,192608db42251d675da83286b1cce702)
Start importing Assets/TextMesh Pro/Shaders/TMP_SDF-Mobile SSD.shader using Guid(c8d12adcee749c344b8117cf7c7eb912) Importer(2089858483,192608db42251d675da83286b1cce702) (ScriptedImporter) -> (artifact id: '77e0378e1a06520d9d39ee90e1272f87') in 0.0172765 seconds
Number of updated asset objects reloaded before import = 0Number of asset objects unloaded after import = 1

========================================================================
Received Import Request.
  Time since last request: 0.000076 seconds.
  path: Assets/TextMesh Pro/Shaders/TMP_Bitmap-Mobile.shader
  artifactKey: Guid(1e3b057af24249748ff873be7fafee47) Importer(2089858483,192608db42251d675da83286b1cce702)
Start importing Assets/TextMesh Pro/Shaders/TMP_Bitmap-Mobile.shader using Guid(1e3b057af24249748ff873be7fafee47) Importer(2089858483,192608db42251d675da83286b1cce702) (ScriptedImporter) -> (artifact id: 'ed9e1ef5c7227d59e0e4a0d4900c250a') in 0.020171 seconds
Number of updated asset objects reloaded before import = 0Number of asset objects unloaded after import = 1

========================================================================
Received Import Request.
  Time since last request: 0.000787 seconds.
  path: Assets/TextMesh Pro/Shaders/TMP_SDF-Surface.shader
  artifactKey: Guid(f7ada0af4f174f0694ca6a487b8f543d) Importer(2089858483,192608db42251d675da83286b1cce702)
Start importing Assets/TextMesh Pro/Shaders/TMP_SDF-Surface.shader using Guid(f7ada0af4f174f0694ca6a487b8f543d) Importer(2089858483,192608db42251d675da83286b1cce702) (ScriptedImporter) -> (artifact id: '6baa132fffa6109c2d5d863723ae645f') in 0.0186729 seconds
Number of updated asset objects reloaded before import = 0Number of asset objects unloaded after import = 1

========================================================================
Received Import Request.
  Time since last request: 0.000130 seconds.
  path: Assets/Cute Supermarket Lite/Prefabs/bottle_flat_darkBlue.prefab
  artifactKey: Guid(1d1b2b5435f5e7446abb1ddfb79cb8fb) Importer(2089858483,192608db42251d675da83286b1cce702)
Start importing Assets/Cute Supermarket Lite/Prefabs/bottle_flat_darkBlue.prefab using Guid(1d1b2b5435f5e7446abb1ddfb79cb8fb) Importer(2089858483,192608db42251d675da83286b1cce702) (ScriptedImporter) -> (artifact id: '45292877b1671570a47a2d7e04a13eee') in 0.0545979 seconds
Number of updated asset objects reloaded before import = 0Number of asset objects unloaded after import = 9

========================================================================
Received Import Request.
  Time since last request: 0.000027 seconds.
  path: Assets/Cute Supermarket Lite/Prefabs/bottle1_water.prefab
  artifactKey: Guid(465053c7e3a8f0b4e9fd2a994ff5c208) Importer(2089858483,192608db42251d675da83286b1cce702)
Start importing Assets/Cute Supermarket Lite/Prefabs/bottle1_water.prefab using Guid(465053c7e3a8f0b4e9fd2a994ff5c208) Importer(2089858483,192608db42251d675da83286b1cce702) (ScriptedImporter) -> (artifact id: '5e39f03ba229f30fc2d5d91b83a0f4c9') in 0.0618851 seconds
Number of updated asset objects reloaded before import = 0Number of asset objects unloaded after import = 9

========================================================================
Received Import Request.
  Time since last request: 0.000032 seconds.
  path: Assets/Scripts/TouchController.cs
  artifactKey: Guid(085e617cfc4d21b4e92de43b154ae8bb) Importer(2089858483,192608db42251d675da83286b1cce702)
Start importing Assets/Scripts/TouchController.cs using Guid(085e617cfc4d21b4e92de43b154ae8bb) Importer(2089858483,192608db42251d675da83286b1cce702) (ScriptedImporter) -> (artifact id: '7cd8fb03fc25e676df0857c4125bebd2') in 0.0201999 seconds
Number of updated asset objects reloaded before import = 0Number of asset objects unloaded after import = 0

========================================================================
Received Import Request.
  Time since last request: 0.000200 seconds.
  path: Assets/Cute Supermarket Lite/Models/donut_white.fbx
  artifactKey: Guid(1a1a2458a6cc02d47bd5d76f835c8ea7) Importer(2089858483,192608db42251d675da83286b1cce702)
Start importing Assets/Cute Supermarket Lite/Models/donut_white.fbx using Guid(1a1a2458a6cc02d47bd5d76f835c8ea7) Importer(2089858483,192608db42251d675da83286b1cce702) (ScriptedImporter) -> (artifact id: '45c8119fcc24706278bb64a47082c536') in 0.0334413 seconds
Number of updated asset objects reloaded before import = 0Number of asset objects unloaded after import = 7

========================================================================
Received Import Request.
  Time since last request: 0.000031 seconds.
  path: Assets/Cute Supermarket Lite/Prefabs/can_food_square_red.prefab
  artifactKey: Guid(f08a4f8cd29edd940a8f696ff2a3649f) Importer(2089858483,192608db42251d675da83286b1cce702)
Start importing Assets/Cute Supermarket Lite/Prefabs/can_food_square_red.prefab using Guid(f08a4f8cd29edd940a8f696ff2a3649f) Importer(2089858483,192608db42251d675da83286b1cce702) (ScriptedImporter) -> (artifact id: '8fb459a2b39df539105bf42550ae492a') in 0.0546758 seconds
Number of updated asset objects reloaded before import = 0Number of asset objects unloaded after import = 9

========================================================================
Received Import Request.
  Time since last request: 0.000028 seconds.
  path: Assets/Joystick Pack/Prefabs/Floating Joystick.prefab
  artifactKey: Guid(0d230cc8be529a542a08cb878ab14b18) Importer(2089858483,192608db42251d675da83286b1cce702)
Start importing Assets/Joystick Pack/Prefabs/Floating Joystick.prefab using Guid(0d230cc8be529a542a08cb878ab14b18) Importer(2089858483,192608db42251d675da83286b1cce702) (ScriptedImporter) -> (artifact id: 'e83fc380ea0e8239971c95963c11c7a2') in 0.0858716 seconds
Number of updated asset objects reloaded before import = 0Number of asset objects unloaded after import = 17

========================================================================
Received Import Request.
  Time since last request: 0.000053 seconds.
  path: Assets/TextMesh Pro/Shaders/TMP_SDF.shader
  artifactKey: Guid(68e6db2ebdc24f95958faec2be5558d6) Importer(2089858483,192608db42251d675da83286b1cce702)
Start importing Assets/TextMesh Pro/Shaders/TMP_SDF.shader using Guid(68e6db2ebdc24f95958faec2be5558d6) Importer(2089858483,192608db42251d675da83286b1cce702) (ScriptedImporter) -> (artifact id: '1ff6f0d8c1f98b30cedc7962a9cc4a08') in 0.0201718 seconds
Number of updated asset objects reloaded before import = 0Number of asset objects unloaded after import = 1

========================================================================
Received Import Request.
  Time since last request: 0.000116 seconds.
  path: Assets/TextMesh Pro/Shaders/TMPro_Mobile.cginc
  artifactKey: Guid(c334973cef89a9840b0b0c507e0377ab) Importer(2089858483,192608db42251d675da83286b1cce702)
Start importing Assets/TextMesh Pro/Shaders/TMPro_Mobile.cginc using Guid(c334973cef89a9840b0b0c507e0377ab) Importer(2089858483,192608db42251d675da83286b1cce702) (ScriptedImporter) -> (artifact id: '3ffb7e418843be5eb44204ab4a67f517') in 0.029319 seconds
Number of updated asset objects reloaded before import = 0Number of asset objects unloaded after import = 1

========================================================================
Received Import Request.
  Time since last request: 0.000082 seconds.
  path: Assets/Joystick Pack/Sprites/Handles/Handle_Outline_Arrows.png
  artifactKey: Guid(5eda94a9dcf71e445ad17e3c065d1460) Importer(2089858483,192608db42251d675da83286b1cce702)
Start importing Assets/Joystick Pack/Sprites/Handles/Handle_Outline_Arrows.png using Guid(5eda94a9dcf71e445ad17e3c065d1460) Importer(2089858483,192608db42251d675da83286b1cce702) (ScriptedImporter) -> (artifact id: 'eba1506fb5bc8d6c1ac89c22db263657') in 0.0302969 seconds
Number of updated asset objects reloaded before import = 0Number of asset objects unloaded after import = 3

========================================================================
Received Import Request.
  Time since last request: 0.000029 seconds.
  path: Assets/Joystick Pack/Scripts/Joysticks/FloatingJoystick.cs
  artifactKey: Guid(7a47f546fc70ec8428172694e78e4288) Importer(2089858483,192608db42251d675da83286b1cce702)
Start importing Assets/Joystick Pack/Scripts/Joysticks/FloatingJoystick.cs using Guid(7a47f546fc70ec8428172694e78e4288) Importer(2089858483,192608db42251d675da83286b1cce702) (ScriptedImporter) -> (artifact id: 'e695943a85366744376c2a5d36b87764') in 0.0192513 seconds
Number of updated asset objects reloaded before import = 0Number of asset objects unloaded after import = 0

========================================================================
Received Import Request.
  Time since last request: 0.000218 seconds.
  path: Assets/Joystick Pack/Scripts/Editor/DynamicJoystickEditor.cs
  artifactKey: Guid(52071c88a467b46438b3cbf159bf988b) Importer(2089858483,192608db42251d675da83286b1cce702)
Start importing Assets/Joystick Pack/Scripts/Editor/DynamicJoystickEditor.cs using Guid(52071c88a467b46438b3cbf159bf988b) Importer(2089858483,192608db42251d675da83286b1cce702) (ScriptedImporter) -> (artifact id: 'ffa53e78aa22d6537b78526359ecc5e5') in 0.0201999 seconds
Number of updated asset objects reloaded before import = 0Number of asset objects unloaded after import = 0

========================================================================
Received Import Request.
  Time since last request: 0.000120 seconds.
  path: Assets/Joystick Pack/Sprites/Handles/Handle_Ridged_Arrows.png
  artifactKey: Guid(a6c56474666ce0647bdb766e9b4764b3) Importer(2089858483,192608db42251d675da83286b1cce702)
Start importing Assets/Joystick Pack/Sprites/Handles/Handle_Ridged_Arrows.png using Guid(a6c56474666ce0647bdb766e9b4764b3) Importer(2089858483,192608db42251d675da83286b1cce702) (ScriptedImporter) -> (artifact id: '3aa44379c1056b79c6bf330cdc469e2b') in 0.0367413 seconds
Number of updated asset objects reloaded before import = 0Number of asset objects unloaded after import = 3

========================================================================
Received Import Request.
  Time since last request: 0.000031 seconds.
  path: Assets/Joystick Pack/Sprites/Handles/Handle_Ridged.png
  artifactKey: Guid(3a74f678ee8f3bd49aacf3de1ae4bcaa) Importer(2089858483,192608db42251d675da83286b1cce702)
Start importing Assets/Joystick Pack/Sprites/Handles/Handle_Ridged.png using Guid(3a74f678ee8f3bd49aacf3de1ae4bcaa) Importer(2089858483,192608db42251d675da83286b1cce702) (ScriptedImporter) -> (artifact id: '875563347961e3f24a8783b08deb6591') in 0.0415111 seconds
Number of updated asset objects reloaded before import = 0Number of asset objects unloaded after import = 3

========================================================================
Received Import Request.
  Time since last request: 0.000610 seconds.
  path: Assets/Joystick Pack/Sprites/Handles/Handle_Plain.png
  artifactKey: Guid(010a6e5305fa7004f89c5d317b7b47d4) Importer(2089858483,192608db42251d675da83286b1cce702)
Start importing Assets/Joystick Pack/Sprites/Handles/Handle_Plain.png using Guid(010a6e5305fa7004f89c5d317b7b47d4) Importer(2089858483,192608db42251d675da83286b1cce702) (ScriptedImporter) -> (artifact id: '771d24cfcc7f4ccbc5fda1234cffb5c3') in 0.0384649 seconds
Number of updated asset objects reloaded before import = 0Number of asset objects unloaded after import = 3

========================================================================
Received Import Request.
  Time since last request: 0.000046 seconds.
  path: Assets/TextMesh Pro/Sprites/EmojiOne.json
  artifactKey: Guid(8f05276190cf498a8153f6cbe761d4e6) Importer(2089858483,192608db42251d675da83286b1cce702)
Start importing Assets/TextMesh Pro/Sprites/EmojiOne.json using Guid(8f05276190cf498a8153f6cbe761d4e6) Importer(2089858483,192608db42251d675da83286b1cce702) (ScriptedImporter) -> (artifact id: 'b165156c1cad6a4d06de678a81406a4e') in 0.0307615 seconds
Number of updated asset objects reloaded before import = 0Number of asset objects unloaded after import = 1

========================================================================
Received Import Request.
  Time since last request: 0.000131 seconds.
  path: Assets/Joystick Pack/Sprites/Horizontal Backgrounds/Horizontal_Outline.png
  artifactKey: Guid(cd0a2c1b2c014ba4c80c1df786e150e9) Importer(2089858483,192608db42251d675da83286b1cce702)
Start importing Assets/Joystick Pack/Sprites/Horizontal Backgrounds/Horizontal_Outline.png using Guid(cd0a2c1b2c014ba4c80c1df786e150e9) Importer(2089858483,192608db42251d675da83286b1cce702) (ScriptedImporter) -> (artifact id: 'd9af6ca26de16afbcd6fd60c9baf1c55') in 0.0321489 seconds
Number of updated asset objects reloaded before import = 0Number of asset objects unloaded after import = 3

========================================================================
Received Import Request.
  Time since last request: 0.000044 seconds.
  path: Assets/Cute Supermarket Lite/Prefabs/dressing_mayo.prefab
  artifactKey: Guid(737c2fda69259de40b4fb5965b86a9e7) Importer(2089858483,192608db42251d675da83286b1cce702)
Start importing Assets/Cute Supermarket Lite/Prefabs/dressing_mayo.prefab using Guid(737c2fda69259de40b4fb5965b86a9e7) Importer(2089858483,192608db42251d675da83286b1cce702) (ScriptedImporter) -> (artifact id: '13300610abaa29b46ad7994afc667b6d') in 0.0751823 seconds
Number of updated asset objects reloaded before import = 0Number of asset objects unloaded after import = 9

========================================================================
Received Import Request.
  Time since last request: 0.000082 seconds.
  path: Assets/Cute Supermarket Lite/Models/apple_green.fbx
  artifactKey: Guid(b73780788ae5bdc4491b5d1d25c077ff) Importer(2089858483,192608db42251d675da83286b1cce702)
Start importing Assets/Cute Supermarket Lite/Models/apple_green.fbx using Guid(b73780788ae5bdc4491b5d1d25c077ff) Importer(2089858483,192608db42251d675da83286b1cce702) (ScriptedImporter) -> (artifact id: '86095662059cde48ed6874cc024c7a3d') in 0.0329315 seconds
Number of updated asset objects reloaded before import = 0Number of asset objects unloaded after import = 7

========================================================================
Received Import Request.
  Time since last request: 0.000037 seconds.
  path: Assets/TextMesh Pro/Shaders/TMP_SDF-Mobile Overlay.shader
  artifactKey: Guid(a02a7d8c237544f1962732b55a9aebf1) Importer(2089858483,192608db42251d675da83286b1cce702)
Start importing Assets/TextMesh Pro/Shaders/TMP_SDF-Mobile Overlay.shader using Guid(a02a7d8c237544f1962732b55a9aebf1) Importer(2089858483,192608db42251d675da83286b1cce702) (ScriptedImporter) -> (artifact id: '8a91408aec05072cd1181fee8ad21c70') in 0.0265646 seconds
Number of updated asset objects reloaded before import = 0Number of asset objects unloaded after import = 1

========================================================================
Received Import Request.
  Time since last request: 0.000056 seconds.
  path: Assets/Cute Supermarket Lite/Prefabs/jam_purple.prefab
  artifactKey: Guid(dee06e22df2c81248a24f2cca32d1dc3) Importer(2089858483,192608db42251d675da83286b1cce702)
Start importing Assets/Cute Supermarket Lite/Prefabs/jam_purple.prefab using Guid(dee06e22df2c81248a24f2cca32d1dc3) Importer(2089858483,192608db42251d675da83286b1cce702) (ScriptedImporter) -> (artifact id: '6f2815141ad35eac4f7de45c99a8a679') in 0.0768381 seconds
Number of updated asset objects reloaded before import = 0Number of asset objects unloaded after import = 9

========================================================================
Received Import Request.
  Time since last request: 0.000041 seconds.
  path: Assets/Joystick Pack/Sprites/All Axis Backgrounds/AllAxis_Plain.png
  artifactKey: Guid(84487d73ca4b791498332d8f6858417f) Importer(2089858483,192608db42251d675da83286b1cce702)
Start importing Assets/Joystick Pack/Sprites/All Axis Backgrounds/AllAxis_Plain.png using Guid(84487d73ca4b791498332d8f6858417f) Importer(2089858483,192608db42251d675da83286b1cce702) (ScriptedImporter) -> (artifact id: '9d407ddd318122f3040ee31c69eafe17') in 0.0406111 seconds
Number of updated asset objects reloaded before import = 0Number of asset objects unloaded after import = 3

========================================================================
Received Import Request.
  Time since last request: 0.000049 seconds.
  path: Assets/Joystick Pack/Sprites/Horizontal Backgrounds/Horizontal_Ridged.png
  artifactKey: Guid(6304ad603f150b649b764d29bbc2a87b) Importer(2089858483,192608db42251d675da83286b1cce702)
Start importing Assets/Joystick Pack/Sprites/Horizontal Backgrounds/Horizontal_Ridged.png using Guid(6304ad603f150b649b764d29bbc2a87b) Importer(2089858483,192608db42251d675da83286b1cce702) (ScriptedImporter) -> (artifact id: '1e715bd231009763715d4f0ceb273ef8') in 0.041515 seconds
Number of updated asset objects reloaded before import = 0Number of asset objects unloaded after import = 3

========================================================================
Received Import Request.
  Time since last request: 0.000042 seconds.
  path: Assets/Prefabs/rabbitCashier_Asset/models/rabbitModel.015.ma
  artifactKey: Guid(082201bf71a738b4997f03d164430b39) Importer(2089858483,192608db42251d675da83286b1cce702)
Start importing Assets/Prefabs/rabbitCashier_Asset/models/rabbitModel.015.ma using Guid(082201bf71a738b4997f03d164430b39) Importer(2089858483,192608db42251d675da83286b1cce702) (ScriptedImporter) -> (artifact id: '51572ce74f170f3f8fb0de042bcfa30a') in 0.052612 seconds
Number of updated asset objects reloaded before import = 0Number of asset objects unloaded after import = 1

========================================================================
Received Import Request.
  Time since last request: 0.000171 seconds.
  path: Assets/Joystick Pack/Sprites/Vertical Backgrounds/Vertical_Ridged_Arrows.png
  artifactKey: Guid(9332cf0d233636a40a024382720294a3) Importer(2089858483,192608db42251d675da83286b1cce702)
Start importing Assets/Joystick Pack/Sprites/Vertical Backgrounds/Vertical_Ridged_Arrows.png using Guid(9332cf0d233636a40a024382720294a3) Importer(2089858483,192608db42251d675da83286b1cce702) (ScriptedImporter) -> (artifact id: 'e8af759147ba2cf6b2a1d22128a1f478') in 0.0438498 seconds
Number of updated asset objects reloaded before import = 0Number of asset objects unloaded after import = 3

========================================================================
Received Import Request.
  Time since last request: 0.000094 seconds.
  path: Assets/Prefabs/rabbitCashier_Asset/textures/poster1.jpg
  artifactKey: Guid(08f05347940f25147b648e9495e925eb) Importer(2089858483,192608db42251d675da83286b1cce702)
Start importing Assets/Prefabs/rabbitCashier_Asset/textures/poster1.jpg using Guid(08f05347940f25147b648e9495e925eb) Importer(2089858483,192608db42251d675da83286b1cce702) (ScriptedImporter) -> (artifact id: '2a1502f474971dbde780f52f8e30cc47') in 0.0326048 seconds
Number of updated asset objects reloaded before import = 0Number of asset objects unloaded after import = 1

========================================================================
Received Import Request.
  Time since last request: 0.000100 seconds.
  path: Assets/Prefabs/rabbitCashier_Asset/textures/PixelTexture.png
  artifactKey: Guid(193b20445b88c0d428824e597eff738a) Importer(2089858483,192608db42251d675da83286b1cce702)
Start importing Assets/Prefabs/rabbitCashier_Asset/textures/PixelTexture.png using Guid(193b20445b88c0d428824e597eff738a) Importer(2089858483,192608db42251d675da83286b1cce702) (ScriptedImporter) -> (artifact id: '432925af734fadf1ebf5f4425c75388b') in 0.0345015 seconds
Number of updated asset objects reloaded before import = 0Number of asset objects unloaded after import = 1

========================================================================
Received Import Request.
  Time since last request: 0.000084 seconds.
  path: Assets/Cute Supermarket Lite/Models/cream_jar_yellow.fbx
  artifactKey: Guid(7132d3aace80be14fbac8a59a0f79e94) Importer(2089858483,192608db42251d675da83286b1cce702)
Start importing Assets/Cute Supermarket Lite/Models/cream_jar_yellow.fbx using Guid(7132d3aace80be14fbac8a59a0f79e94) Importer(2089858483,192608db42251d675da83286b1cce702) (ScriptedImporter) -> (artifact id: '65afec1cef6b03533e007f1b4bd18248') in 0.0431095 seconds
Number of updated asset objects reloaded before import = 0Number of asset objects unloaded after import = 7

========================================================================
Received Import Request.
  Time since last request: 0.000073 seconds.
  path: Assets/Joystick Pack/Sprites/All Axis Backgrounds/AllAxis_Ridged.png
  artifactKey: Guid(54628aafa20f64b40ae661038ee7abf0) Importer(2089858483,192608db42251d675da83286b1cce702)
Start importing Assets/Joystick Pack/Sprites/All Axis Backgrounds/AllAxis_Ridged.png using Guid(54628aafa20f64b40ae661038ee7abf0) Importer(2089858483,192608db42251d675da83286b1cce702) (ScriptedImporter) -> (artifact id: '97cc25e1edd0746b1fe5bd3a67e87ffd') in 0.0443206 seconds
Number of updated asset objects reloaded before import = 0Number of asset objects unloaded after import = 3

========================================================================
Received Import Request.
  Time since last request: 0.000043 seconds.
  path: Assets/Prefabs/Supermercado/cashier.fbx
  artifactKey: Guid(97286dac5cd45c8468f412b661a1af05) Importer(2089858483,192608db42251d675da83286b1cce702)
Start importing Assets/Prefabs/Supermercado/cashier.fbx using Guid(97286dac5cd45c8468f412b661a1af05) Importer(2089858483,192608db42251d675da83286b1cce702) (ScriptedImporter) -> (artifact id: 'cfe5e0ec74047ca65848e91bdda3e4e1') in 0.0721383 seconds
Number of updated asset objects reloaded before import = 0Number of asset objects unloaded after import = 28

========================================================================
Received Import Request.
  Time since last request: 0.000107 seconds.
  path: Assets/TextMesh Pro/Shaders/TMP_SDF-URP Unlit.shadergraph
  artifactKey: Guid(124c112a6e8f1a54e8b0870e881b56d8) Importer(2089858483,192608db42251d675da83286b1cce702)
Start importing Assets/TextMesh Pro/Shaders/TMP_SDF-URP Unlit.shadergraph using Guid(124c112a6e8f1a54e8b0870e881b56d8) Importer(2089858483,192608db42251d675da83286b1cce702) (ScriptedImporter) -> (artifact id: '1ef91bfc6780fa7b747519866b4a3dc5') in 0.0228795 seconds
Number of updated asset objects reloaded before import = 0Number of asset objects unloaded after import = 1

========================================================================
Received Import Request.
  Time since last request: 0.000126 seconds.
  path: Assets/Materials/Grass.mat
  artifactKey: Guid(7c3e5d51a1bc1294788d98f3ce7283a2) Importer(2089858483,192608db42251d675da83286b1cce702)
Start importing Assets/Materials/Grass.mat using Guid(7c3e5d51a1bc1294788d98f3ce7283a2) Importer(2089858483,192608db42251d675da83286b1cce702) (ScriptedImporter) -> (artifact id: 'e9cfcd0e302db21d687eebd44231381a') in 0.0433196 seconds
Number of updated asset objects reloaded before import = 0Number of asset objects unloaded after import = 1

========================================================================
Received Import Request.
  Time since last request: 0.000147 seconds.
  path: Assets/Scripts/CameraLook.cs
  artifactKey: Guid(63a77ca77c57dd9449492ab2d19d87c9) Importer(2089858483,192608db42251d675da83286b1cce702)
Start importing Assets/Scripts/CameraLook.cs using Guid(63a77ca77c57dd9449492ab2d19d87c9) Importer(2089858483,192608db42251d675da83286b1cce702) (ScriptedImporter) -> (artifact id: '5292af9dc5a808e2e800b2099e7c8dd9') in 0.0220049 seconds
Number of updated asset objects reloaded before import = 0Number of asset objects unloaded after import = 0

========================================================================
Received Import Request.
  Time since last request: 0.000155 seconds.
  path: Assets/Cute Supermarket Lite/Prefabs/bottle_glass_green.prefab
  artifactKey: Guid(f52b0a4b6b774914f9bc62d5eec653a5) Importer(2089858483,192608db42251d675da83286b1cce702)
Start importing Assets/Cute Supermarket Lite/Prefabs/bottle_glass_green.prefab using Guid(f52b0a4b6b774914f9bc62d5eec653a5) Importer(2089858483,192608db42251d675da83286b1cce702) (ScriptedImporter) -> (artifact id: '6c2d80e46cc990e409f5537aebf1bc92') in 0.0650838 seconds
Number of updated asset objects reloaded before import = 0Number of asset objects unloaded after import = 9

========================================================================
Received Import Request.
  Time since last request: 0.000099 seconds.
  path: Assets/TextMesh Pro/Examples & Extras/Materials/Ground - URP.mat
  artifactKey: Guid(71529b88994c1a341b22bc57c038674a) Importer(2089858483,192608db42251d675da83286b1cce702)
Start importing Assets/TextMesh Pro/Examples & Extras/Materials/Ground - URP.mat using Guid(71529b88994c1a341b22bc57c038674a) Importer(2089858483,192608db42251d675da83286b1cce702) (ScriptedImporter) -> (artifact id: '646c56fd1e7bb5eeecb91f2b0c6dbc7f') in 0.0497811 seconds
Number of updated asset objects reloaded before import = 0Number of asset objects unloaded after import = 1

========================================================================
Received Import Request.
  Time since last request: 0.000115 seconds.
  path: Assets/TextMesh Pro/Examples & Extras/Scenes/09 - Margin Tag Example.unity
  artifactKey: Guid(349f38d3606449708c7340d26740e1e2) Importer(2089858483,192608db42251d675da83286b1cce702)
Start importing Assets/TextMesh Pro/Examples & Extras/Scenes/09 - Margin Tag Example.unity using Guid(349f38d3606449708c7340d26740e1e2) Importer(2089858483,192608db42251d675da83286b1cce702) (ScriptedImporter) -> (artifact id: 'e291e8a7d31865a10145bc460de26fd6') in 0.0501184 seconds
Number of updated asset objects reloaded before import = 0Number of asset objects unloaded after import = 1

========================================================================
Received Import Request.
  Time since last request: 0.000148 seconds.
  path: Assets/TextMesh Pro/Examples & Extras/Prefabs/TextMeshPro - Prefab 1.prefab
  artifactKey: Guid(a6e39ced0ea046bcb636c3f0b2e2a745) Importer(2089858483,192608db42251d675da83286b1cce702)
Start importing Assets/TextMesh Pro/Examples & Extras/Prefabs/TextMeshPro - Prefab 1.prefab using Guid(a6e39ced0ea046bcb636c3f0b2e2a745) Importer(2089858483,192608db42251d675da83286b1cce702) (ScriptedImporter) -> (artifact id: 'c73a3d091c424ccb7588f70b4ca5177b') in 0.2004646 seconds
Number of updated asset objects reloaded before import = 0Number of asset objects unloaded after import = 16

========================================================================
Received Import Request.
  Time since last request: 0.000031 seconds.
  path: Assets/TextMesh Pro/Examples & Extras/Fonts/Electronic Highway Sign.TTF
  artifactKey: Guid(8a2b9e2a607dd2143b58c44bc32410b4) Importer(2089858483,192608db42251d675da83286b1cce702)
Start importing Assets/TextMesh Pro/Examples & Extras/Fonts/Electronic Highway Sign.TTF using Guid(8a2b9e2a607dd2143b58c44bc32410b4) Importer(2089858483,192608db42251d675da83286b1cce702) (ScriptedImporter) -> (artifact id: '6cc590b35ce16ae73a5f4761d7e90b5b') in 0.0623503 seconds
Number of updated asset objects reloaded before import = 0Number of asset objects unloaded after import = 3

========================================================================
Received Import Request.
  Time since last request: 0.000035 seconds.
  path: Assets/Cute Supermarket Lite/Scenes/Overview.unity
  artifactKey: Guid(d31ca21e8239a484399cd70148d90558) Importer(2089858483,192608db42251d675da83286b1cce702)
Start importing Assets/Cute Supermarket Lite/Scenes/Overview.unity using Guid(d31ca21e8239a484399cd70148d90558) Importer(2089858483,192608db42251d675da83286b1cce702) (ScriptedImporter) -> (artifact id: '0cf8fe47b27f92b0f4bca316e18e2f05') in 0.0471127 seconds
Number of updated asset objects reloaded before import = 0Number of asset objects unloaded after import = 1

========================================================================
Received Import Request.
  Time since last request: 0.000113 seconds.
  path: Assets/Scripts/PlayerMove.cs
  artifactKey: Guid(fec27b92d2f00214cb2a969ff02add8e) Importer(2089858483,192608db42251d675da83286b1cce702)
Start importing Assets/Scripts/PlayerMove.cs using Guid(fec27b92d2f00214cb2a969ff02add8e) Importer(2089858483,192608db42251d675da83286b1cce702) (ScriptedImporter) -> (artifact id: '908be3facce7ba4a0de58113a9260a5c') in 0.0256941 seconds
Number of updated asset objects reloaded before import = 0Number of asset objects unloaded after import = 0

========================================================================
Received Import Request.
  Time since last request: 0.000136 seconds.
  path: Assets/Prefabs/Supermercado/Frezer2.fbx
  artifactKey: Guid(7b56f6162c8b8694f84f24866c65b0ac) Importer(2089858483,192608db42251d675da83286b1cce702)
Start importing Assets/Prefabs/Supermercado/Frezer2.fbx using Guid(7b56f6162c8b8694f84f24866c65b0ac) Importer(2089858483,192608db42251d675da83286b1cce702) (ScriptedImporter) -> (artifact id: 'ed7e628f90178e41c48866e243b0988d') in 0.0463898 seconds
Number of updated asset objects reloaded before import = 0Number of asset objects unloaded after import = 22

========================================================================
Received Import Request.
  Time since last request: 0.000024 seconds.
  path: Assets/TextMesh Pro/Examples & Extras/Scenes/11 - The Style Tag.unity
  artifactKey: Guid(84ed36ad77dd4956b2ffe3769f759879) Importer(2089858483,192608db42251d675da83286b1cce702)
Start importing Assets/TextMesh Pro/Examples & Extras/Scenes/11 - The Style Tag.unity using Guid(84ed36ad77dd4956b2ffe3769f759879) Importer(2089858483,192608db42251d675da83286b1cce702) (ScriptedImporter) -> (artifact id: 'c49f33eddf633e348bd674a74f123656') in 0.0378399 seconds
Number of updated asset objects reloaded before import = 0Number of asset objects unloaded after import = 1

========================================================================
Received Import Request.
  Time since last request: 0.000154 seconds.
  path: Assets/TextMesh Pro/Examples & Extras/Scenes/10 - Bullets & Numbered List Example.unity
  artifactKey: Guid(c3f814e1d12c45568daf3dd9a86a0e61) Importer(2089858483,192608db42251d675da83286b1cce702)
Start importing Assets/TextMesh Pro/Examples & Extras/Scenes/10 - Bullets & Numbered List Example.unity using Guid(c3f814e1d12c45568daf3dd9a86a0e61) Importer(2089858483,192608db42251d675da83286b1cce702) (ScriptedImporter) -> (artifact id: '9d39b911ab7b2300d06f98bd9374d5d6') in 0.0424275 seconds
Number of updated asset objects reloaded before import = 0Number of asset objects unloaded after import = 1

========================================================================
Received Import Request.
  Time since last request: 0.000073 seconds.
  path: Assets/TextMesh Pro/Examples & Extras/Scenes/21 - Script Example.unity
  artifactKey: Guid(50f52f9274434ecfb34dd87f0836f323) Importer(2089858483,192608db42251d675da83286b1cce702)
Start importing Assets/TextMesh Pro/Examples & Extras/Scenes/21 - Script Example.unity using Guid(50f52f9274434ecfb34dd87f0836f323) Importer(2089858483,192608db42251d675da83286b1cce702) (ScriptedImporter) -> (artifact id: '8a05d0383ede467b7aa0213c2e953f39') in 0.0436791 seconds
Number of updated asset objects reloaded before import = 0Number of asset objects unloaded after import = 1

========================================================================
Received Import Request.
  Time since last request: 0.000124 seconds.
  path: Assets/TextMesh Pro/Examples & Extras/Scenes/12 - Link Example.unity
  artifactKey: Guid(9747140c28254be2adc582210dfb89b8) Importer(2089858483,192608db42251d675da83286b1cce702)
Start importing Assets/TextMesh Pro/Examples & Extras/Scenes/12 - Link Example.unity using Guid(9747140c28254be2adc582210dfb89b8) Importer(2089858483,192608db42251d675da83286b1cce702) (ScriptedImporter) -> (artifact id: '5527a9a105a35dbba0e49a370cfe8146') in 0.0443355 seconds
Number of updated asset objects reloaded before import = 0Number of asset objects unloaded after import = 1

========================================================================
Received Import Request.
  Time since last request: 0.000123 seconds.
  path: Assets/TextMesh Pro/Examples & Extras/Scenes/13 - Soft Hyphenation.unity
  artifactKey: Guid(875684baf40f4d008ce806d03e2a81b2) Importer(2089858483,192608db42251d675da83286b1cce702)
Start importing Assets/TextMesh Pro/Examples & Extras/Scenes/13 - Soft Hyphenation.unity using Guid(875684baf40f4d008ce806d03e2a81b2) Importer(2089858483,192608db42251d675da83286b1cce702) (ScriptedImporter) -> (artifact id: '46c138d7f6160c6be55f87df7a859913') in 0.0414399 seconds
Number of updated asset objects reloaded before import = 0Number of asset objects unloaded after import = 1

========================================================================
Received Import Request.
  Time since last request: 0.000119 seconds.
  path: Assets/Cute Supermarket Lite/Prefabs/bottle_yogurt_strawberry.prefab
  artifactKey: Guid(9d5a2f06615648c47b3f7ff76e60342a) Importer(2089858483,192608db42251d675da83286b1cce702)
Start importing Assets/Cute Supermarket Lite/Prefabs/bottle_yogurt_strawberry.prefab using Guid(9d5a2f06615648c47b3f7ff76e60342a) Importer(2089858483,192608db42251d675da83286b1cce702) (ScriptedImporter) -> (artifact id: '6ad69d736a6fee3298c258224433e373') in 0.0966302 seconds
Number of updated asset objects reloaded before import = 0Number of asset objects unloaded after import = 9

========================================================================
Received Import Request.
  Time since last request: 0.000031 seconds.
  path: Assets/TextMesh Pro/Shaders/TMP_SDF-Mobile-2-Pass.shader
  artifactKey: Guid(0178fcb869bafef4690d177d31d17db8) Importer(2089858483,192608db42251d675da83286b1cce702)
Start importing Assets/TextMesh Pro/Shaders/TMP_SDF-Mobile-2-Pass.shader using Guid(0178fcb869bafef4690d177d31d17db8) Importer(2089858483,192608db42251d675da83286b1cce702) (ScriptedImporter) -> (artifact id: '9abdcb47a9812a123317ba959bfb236e') in 0.0250354 seconds
Number of updated asset objects reloaded before import = 0Number of asset objects unloaded after import = 1

========================================================================
Received Import Request.
  Time since last request: 0.000063 seconds.
  path: Assets/TextMesh Pro/Examples & Extras/Scenes/20 - Input Field with Scrollbar.unity
  artifactKey: Guid(337f92480dd24675aae9e79210fb1ad9) Importer(2089858483,192608db42251d675da83286b1cce702)
Start importing Assets/TextMesh Pro/Examples & Extras/Scenes/20 - Input Field with Scrollbar.unity using Guid(337f92480dd24675aae9e79210fb1ad9) Importer(2089858483,192608db42251d675da83286b1cce702) (ScriptedImporter) -> (artifact id: 'c18fcc0f0706ce996086a1a6d1afa6c1') in 0.0410967 seconds
Number of updated asset objects reloaded before import = 0Number of asset objects unloaded after import = 1

========================================================================
Received Import Request.
  Time since last request: 0.000331 seconds.
  path: Assets/Cute Supermarket Lite/Models/bottle2_pink.fbx
  artifactKey: Guid(f707e3e8c66c215439a0a44134d8bc2f) Importer(2089858483,192608db42251d675da83286b1cce702)
Start importing Assets/Cute Supermarket Lite/Models/bottle2_pink.fbx using Guid(f707e3e8c66c215439a0a44134d8bc2f) Importer(2089858483,192608db42251d675da83286b1cce702) (ScriptedImporter) -> (artifact id: '3f034981118678d6a6115afaad48d930') in 0.0328227 seconds
Number of updated asset objects reloaded before import = 0Number of asset objects unloaded after import = 7

========================================================================
Received Import Request.
  Time since last request: 0.000036 seconds.
  path: Assets/TextMesh Pro/Examples & Extras/Scenes/22 - Basic Scripting Example.unity
  artifactKey: Guid(6250f98e58fe4abbaada5d84b7ca846d) Importer(2089858483,192608db42251d675da83286b1cce702)
Start importing Assets/TextMesh Pro/Examples & Extras/Scenes/22 - Basic Scripting Example.unity using Guid(6250f98e58fe4abbaada5d84b7ca846d) Importer(2089858483,192608db42251d675da83286b1cce702) (ScriptedImporter) -> (artifact id: '892f89a2fea88e897f56a4bd7eb63673') in 0.0388177 seconds
Number of updated asset objects reloaded before import = 0Number of asset objects unloaded after import = 1

========================================================================
Received Import Request.
  Time since last request: 0.000101 seconds.
  path: Assets/TextMesh Pro/Examples & Extras/Scenes/07 - Superscript & Subscript Example.unity
  artifactKey: Guid(03ec435d4b7140e9b2d87f79136d8374) Importer(2089858483,192608db42251d675da83286b1cce702)
Start importing Assets/TextMesh Pro/Examples & Extras/Scenes/07 - Superscript & Subscript Example.unity using Guid(03ec435d4b7140e9b2d87f79136d8374) Importer(2089858483,192608db42251d675da83286b1cce702) (ScriptedImporter) -> (artifact id: '7d482361b2c167fe8a3b9da03494c1d6') in 0.0369085 seconds
Number of updated asset objects reloaded before import = 0Number of asset objects unloaded after import = 1

========================================================================
Received Import Request.
  Time since last request: 0.000133 seconds.
  path: Assets/Joystick Pack/Prefabs/Fixed Joystick.prefab
  artifactKey: Guid(aaa2c939c0359ac4dbce3f49e8b90252) Importer(2089858483,192608db42251d675da83286b1cce702)
Start importing Assets/Joystick Pack/Prefabs/Fixed Joystick.prefab using Guid(aaa2c939c0359ac4dbce3f49e8b90252) Importer(2089858483,192608db42251d675da83286b1cce702) (ScriptedImporter) -> (artifact id: '5989493a500cc1379b7314370bf929aa') in 0.073531 seconds
Number of updated asset objects reloaded before import = 0Number of asset objects unloaded after import = 13

========================================================================
Received Import Request.
  Time since last request: 0.000032 seconds.
  path: Assets/TextMesh Pro/Examples & Extras/Scenes/27 - Double Pass Shader Example.unity
  artifactKey: Guid(3b38a6ba32b869f48812e595baf39746) Importer(2089858483,192608db42251d675da83286b1cce702)
Start importing Assets/TextMesh Pro/Examples & Extras/Scenes/27 - Double Pass Shader Example.unity using Guid(3b38a6ba32b869f48812e595baf39746) Importer(2089858483,192608db42251d675da83286b1cce702) (ScriptedImporter) -> (artifact id: '39e704c7fe7e38d1dea7945674080d7f') in 0.047479 seconds
Number of updated asset objects reloaded before import = 0Number of asset objects unloaded after import = 1

========================================================================
Received Import Request.
  Time since last request: 0.000832 seconds.
  path: Assets/TextMesh Pro/Examples & Extras/Scenes/24 - Surface Shader Example URP.unity
  artifactKey: Guid(57694ed9d1cd1e340a4924c0f2eac8e3) Importer(2089858483,192608db42251d675da83286b1cce702)
Start importing Assets/TextMesh Pro/Examples & Extras/Scenes/24 - Surface Shader Example URP.unity using Guid(57694ed9d1cd1e340a4924c0f2eac8e3) Importer(2089858483,192608db42251d675da83286b1cce702) (ScriptedImporter) -> (artifact id: '5b952562584fda5e8b7ac18024295761') in 0.04803 seconds
Number of updated asset objects reloaded before import = 0Number of asset objects unloaded after import = 1

========================================================================
Received Import Request.
  Time since last request: 0.000111 seconds.
  path: Assets/TextMesh Pro/Examples & Extras/Scenes/Benchmark (Floating Text).unity
  artifactKey: Guid(16177da2e3254cee91944756d5f8ddd3) Importer(2089858483,192608db42251d675da83286b1cce702)
Start importing Assets/TextMesh Pro/Examples & Extras/Scenes/Benchmark (Floating Text).unity using Guid(16177da2e3254cee91944756d5f8ddd3) Importer(2089858483,192608db42251d675da83286b1cce702) (ScriptedImporter) -> (artifact id: '4f2e7184ba04514be5e74c3e0c4eb415') in 0.0432567 seconds
Number of updated asset objects reloaded before import = 0Number of asset objects unloaded after import = 1

========================================================================
Received Import Request.
  Time since last request: 0.000090 seconds.
  path: Assets/Prefabs/Supermercado/cheese.fbx
  artifactKey: Guid(a34d80d760940d948b227a58f2d3a182) Importer(2089858483,192608db42251d675da83286b1cce702)
Start importing Assets/Prefabs/Supermercado/cheese.fbx using Guid(a34d80d760940d948b227a58f2d3a182) Importer(2089858483,192608db42251d675da83286b1cce702) (ScriptedImporter) -> (artifact id: '72e5ce6e9f573f9b9c856a0034de8573') in 0.0566509 seconds
Number of updated asset objects reloaded before import = 0Number of asset objects unloaded after import = 8

========================================================================
Received Import Request.
  Time since last request: 0.000083 seconds.
  path: Assets/Prefabs/Supermercado/ShopingCar.fbx
  artifactKey: Guid(158fa9d421901774682986af38ba6abe) Importer(2089858483,192608db42251d675da83286b1cce702)
Start importing Assets/Prefabs/Supermercado/ShopingCar.fbx using Guid(158fa9d421901774682986af38ba6abe) Importer(2089858483,192608db42251d675da83286b1cce702) (ScriptedImporter) -> (artifact id: '5d0f5e9cc7aca85a73e2fe5187d8e628') in 0.0768035 seconds
Number of updated asset objects reloaded before import = 0Number of asset objects unloaded after import = 33

========================================================================
Received Import Request.
  Time since last request: 0.000038 seconds.
  path: Assets/TextMesh Pro/Examples & Extras/Prefabs/TextMeshPro - Prefab 2.prefab
  artifactKey: Guid(fdad9d952ae84cafb74c63f2e694d042) Importer(2089858483,192608db42251d675da83286b1cce702)
Start importing Assets/TextMesh Pro/Examples & Extras/Prefabs/TextMeshPro - Prefab 2.prefab using Guid(fdad9d952ae84cafb74c63f2e694d042) Importer(2089858483,192608db42251d675da83286b1cce702) (ScriptedImporter) -> (artifact id: 'a62637c400c601477f348606f2728d46') in 0.1052512 seconds
Number of updated asset objects reloaded before import = 0Number of asset objects unloaded after import = 16

========================================================================
Received Import Request.
  Time since last request: 0.000040 seconds.
  path: Assets/TextMesh Pro/Examples & Extras/Scenes/02 - Multi-line TextMesh Pro.unity
  artifactKey: Guid(251716609f634449bfe8ce75c0ed78fe) Importer(2089858483,192608db42251d675da83286b1cce702)
Start importing Assets/TextMesh Pro/Examples & Extras/Scenes/02 - Multi-line TextMesh Pro.unity using Guid(251716609f634449bfe8ce75c0ed78fe) Importer(2089858483,192608db42251d675da83286b1cce702) (ScriptedImporter) -> (artifact id: '7c943f5aac90f7d8e8903ecf8057cd33') in 0.0376556 seconds
Number of updated asset objects reloaded before import = 0Number of asset objects unloaded after import = 1

========================================================================
Received Import Request.
  Time since last request: 0.000115 seconds.
  path: Assets/Joystick Pack/Scripts/Editor/VariableJoystickEditor.cs
  artifactKey: Guid(58b5a2db95af76c4c9d4116a09ec3697) Importer(2089858483,192608db42251d675da83286b1cce702)
Start importing Assets/Joystick Pack/Scripts/Editor/VariableJoystickEditor.cs using Guid(58b5a2db95af76c4c9d4116a09ec3697) Importer(2089858483,192608db42251d675da83286b1cce702) (ScriptedImporter) -> (artifact id: 'cf3057b25a41372a686865defc1410df') in 0.021998 seconds
Number of updated asset objects reloaded before import = 0Number of asset objects unloaded after import = 0

========================================================================
Received Import Request.
  Time since last request: 0.000310 seconds.
  path: Assets/TextMesh Pro/Examples & Extras/Sprites/Default Sprites.png
  artifactKey: Guid(a0fc465d6cf04254a2938578735e2383) Importer(2089858483,192608db42251d675da83286b1cce702)
Start importing Assets/TextMesh Pro/Examples & Extras/Sprites/Default Sprites.png using Guid(a0fc465d6cf04254a2938578735e2383) Importer(2089858483,192608db42251d675da83286b1cce702) (ScriptedImporter) -> (artifact id: 'e40abfdcb885a6cb54ae27c30e0788f5') in 0.0447462 seconds
Number of updated asset objects reloaded before import = 0Number of asset objects unloaded after import = 1

========================================================================
Received Import Request.
  Time since last request: 0.000093 seconds.
  path: Assets/TextMesh Pro/Examples & Extras/Scripts/VertexColorCycler.cs
  artifactKey: Guid(91b8ba3d52e041fab2d0e0f169855539) Importer(2089858483,192608db42251d675da83286b1cce702)
Start importing Assets/TextMesh Pro/Examples & Extras/Scripts/VertexColorCycler.cs using Guid(91b8ba3d52e041fab2d0e0f169855539) Importer(2089858483,192608db42251d675da83286b1cce702) (ScriptedImporter) -> (artifact id: '44bcc61b95c739265f93341d08892f63') in 0.0199866 seconds
Number of updated asset objects reloaded before import = 0Number of asset objects unloaded after import = 0

========================================================================
Received Import Request.
  Time since last request: 0.000166 seconds.
  path: Assets/TextMesh Pro/Examples & Extras/Scripts/TMP_UiFrameRateCounter.cs
  artifactKey: Guid(24b0dc2d1d494adbbec1f4db26b4cf83) Importer(2089858483,192608db42251d675da83286b1cce702)
Start importing Assets/TextMesh Pro/Examples & Extras/Scripts/TMP_UiFrameRateCounter.cs using Guid(24b0dc2d1d494adbbec1f4db26b4cf83) Importer(2089858483,192608db42251d675da83286b1cce702) (ScriptedImporter) -> (artifact id: 'e3385278b583bdbc5822c6b2c336b0e7') in 0.029541 seconds
Number of updated asset objects reloaded before import = 0Number of asset objects unloaded after import = 0

========================================================================
Received Import Request.
  Time since last request: 0.000186 seconds.
  path: Assets/TextMesh Pro/Examples & Extras/Scripts/TMP_TextSelector_A.cs
  artifactKey: Guid(103e0a6a1d404693b9fb1a5173e0e979) Importer(2089858483,192608db42251d675da83286b1cce702)
Start importing Assets/TextMesh Pro/Examples & Extras/Scripts/TMP_TextSelector_A.cs using Guid(103e0a6a1d404693b9fb1a5173e0e979) Importer(2089858483,192608db42251d675da83286b1cce702) (ScriptedImporter) -> (artifact id: '16ef7f20e74d0ee073ea0bf9aeeb2933') in 0.0205624 seconds
Number of updated asset objects reloaded before import = 0Number of asset objects unloaded after import = 0

========================================================================
Received Import Request.
  Time since last request: 0.000168 seconds.
  path: Assets/TextMesh Pro/Examples & Extras/Scripts/TeleType.cs
  artifactKey: Guid(e32c266ee6204b21a427753cb0694c81) Importer(2089858483,192608db42251d675da83286b1cce702)
Start importing Assets/TextMesh Pro/Examples & Extras/Scripts/TeleType.cs using Guid(e32c266ee6204b21a427753cb0694c81) Importer(2089858483,192608db42251d675da83286b1cce702) (ScriptedImporter) -> (artifact id: '4a2a894ecc493f601c80e82cd35aff71') in 0.0173056 seconds
Number of updated asset objects reloaded before import = 0Number of asset objects unloaded after import = 0

========================================================================
Received Import Request.
  Time since last request: 0.000136 seconds.
  path: Assets/TextMesh Pro/Examples & Extras/Scripts/TMP_ExampleScript_01.cs
  artifactKey: Guid(6f2c5b59b6874405865e2616e4ec276a) Importer(2089858483,192608db42251d675da83286b1cce702)
Start importing Assets/TextMesh Pro/Examples & Extras/Scripts/TMP_ExampleScript_01.cs using Guid(6f2c5b59b6874405865e2616e4ec276a) Importer(2089858483,192608db42251d675da83286b1cce702) (ScriptedImporter) -> (artifact id: 'b2a50dfd7a9e17cd780a34479f3604f9') in 0.0207119 seconds
Number of updated asset objects reloaded before import = 0Number of asset objects unloaded after import = 0

========================================================================
Received Import Request.
  Time since last request: 0.000230 seconds.
  path: Assets/Cute Supermarket Lite/Models/roll_toilet.fbx
  artifactKey: Guid(dcfcad261687d4e42ab55467e1144bee) Importer(2089858483,192608db42251d675da83286b1cce702)
Start importing Assets/Cute Supermarket Lite/Models/roll_toilet.fbx using Guid(dcfcad261687d4e42ab55467e1144bee) Importer(2089858483,192608db42251d675da83286b1cce702) (ScriptedImporter) -> (artifact id: '7293a24ce58368988b5e6d8c9ae1049c') in 0.0321423 seconds
Number of updated asset objects reloaded before import = 0Number of asset objects unloaded after import = 7

========================================================================
Received Import Request.
  Time since last request: 0.000072 seconds.
  path: Assets/Joystick Pack/Sprites/Handles/Handle_Plain_Arrows.png
  artifactKey: Guid(f353d42d1db27ff42b78b28efd86b316) Importer(2089858483,192608db42251d675da83286b1cce702)
Start importing Assets/Joystick Pack/Sprites/Handles/Handle_Plain_Arrows.png using Guid(f353d42d1db27ff42b78b28efd86b316) Importer(2089858483,192608db42251d675da83286b1cce702) (ScriptedImporter) -> (artifact id: 'e65931c64b6cd955ea2bdaed685e08e0') in 0.0362172 seconds
Number of updated asset objects reloaded before import = 0Number of asset objects unloaded after import = 3

========================================================================
Received Import Request.
  Time since last request: 0.000137 seconds.
  path: Assets/TextMesh Pro/Examples & Extras/Scripts/WarpTextExample.cs
  artifactKey: Guid(790744c462254b7ba8038e6ed28b3db2) Importer(2089858483,192608db42251d675da83286b1cce702)
Start importing Assets/TextMesh Pro/Examples & Extras/Scripts/WarpTextExample.cs using Guid(790744c462254b7ba8038e6ed28b3db2) Importer(2089858483,192608db42251d675da83286b1cce702) (ScriptedImporter) -> (artifact id: 'bfbf3d15c204d55d8b709a49be370e68') in 0.020811 seconds
Number of updated asset objects reloaded before import = 0Number of asset objects unloaded after import = 0

========================================================================
Received Import Request.
  Time since last request: 0.000264 seconds.
  path: Assets/Joystick Pack/Sprites/Vertical Backgrounds/Vertical_Plain.png
  artifactKey: Guid(ab6db91373811284caeba2e9472fa9c2) Importer(2089858483,192608db42251d675da83286b1cce702)
Start importing Assets/Joystick Pack/Sprites/Vertical Backgrounds/Vertical_Plain.png using Guid(ab6db91373811284caeba2e9472fa9c2) Importer(2089858483,192608db42251d675da83286b1cce702) (ScriptedImporter) -> (artifact id: 'c248e435267596fbfc8b17a182ff735f') in 0.0342101 seconds
Number of updated asset objects reloaded before import = 0Number of asset objects unloaded after import = 3

========================================================================
Received Import Request.
  Time since last request: 0.000028 seconds.
  path: Assets/TextMesh Pro/Examples & Extras/Fonts/Bangers - OFL.txt
  artifactKey: Guid(efe0bf4ac872451e91612d1ae593f480) Importer(2089858483,192608db42251d675da83286b1cce702)
Start importing Assets/TextMesh Pro/Examples & Extras/Fonts/Bangers - OFL.txt using Guid(efe0bf4ac872451e91612d1ae593f480) Importer(2089858483,192608db42251d675da83286b1cce702) (ScriptedImporter) -> (artifact id: 'dcff34206e280d5b80361b1896255f24') in 0.0294997 seconds
Number of updated asset objects reloaded before import = 0Number of asset objects unloaded after import = 1

========================================================================
Received Import Request.
  Time since last request: 0.000151 seconds.
  path: Assets/TextMesh Pro/Examples & Extras/Scenes/18 - ScrollRect & Masking & Layout.unity
  artifactKey: Guid(03f9d74cec8e4b94a29d2dfd177c821b) Importer(2089858483,192608db42251d675da83286b1cce702)
Start importing Assets/TextMesh Pro/Examples & Extras/Scenes/18 - ScrollRect & Masking & Layout.unity using Guid(03f9d74cec8e4b94a29d2dfd177c821b) Importer(2089858483,192608db42251d675da83286b1cce702) (ScriptedImporter) -> (artifact id: 'ff4a3a1531ae89702ece2cdedce95328') in 0.040527 seconds
Number of updated asset objects reloaded before import = 0Number of asset objects unloaded after import = 1

========================================================================
Received Import Request.
  Time since last request: 0.000113 seconds.
  path: Assets/TextMesh Pro/Examples & Extras/Fonts/Bangers.ttf
  artifactKey: Guid(5dd49b3eacc540408c98eee0de38e0f1) Importer(2089858483,192608db42251d675da83286b1cce702)
Start importing Assets/TextMesh Pro/Examples & Extras/Fonts/Bangers.ttf using Guid(5dd49b3eacc540408c98eee0de38e0f1) Importer(2089858483,192608db42251d675da83286b1cce702) (ScriptedImporter) -> (artifact id: '85b8c57fe9574c5fd3ae8787897587a7') in 0.0327791 seconds
Number of updated asset objects reloaded before import = 0Number of asset objects unloaded after import = 3

========================================================================
Received Import Request.
  Time since last request: 0.000043 seconds.
  path: Assets/TextMesh Pro/Examples & Extras/Scripts/TextMeshSpawner.cs
  artifactKey: Guid(76c11bbcfddf44e0ba17d6c2751c8d84) Importer(2089858483,192608db42251d675da83286b1cce702)
Start importing Assets/TextMesh Pro/Examples & Extras/Scripts/TextMeshSpawner.cs using Guid(76c11bbcfddf44e0ba17d6c2751c8d84) Importer(2089858483,192608db42251d675da83286b1cce702) (ScriptedImporter) -> (artifact id: '69396e9f5bc0486dac1ec25195a79685') in 0.0197993 seconds
Number of updated asset objects reloaded before import = 0Number of asset objects unloaded after import = 0

========================================================================
Received Import Request.
  Time since last request: 0.000418 seconds.
  path: Assets/TextMesh Pro/Examples & Extras/Scenes/17 - Old Computer Terminal.unity
  artifactKey: Guid(3e2e4d7b0bed4cf9ab827e9f32448f69) Importer(2089858483,192608db42251d675da83286b1cce702)
Start importing Assets/TextMesh Pro/Examples & Extras/Scenes/17 - Old Computer Terminal.unity using Guid(3e2e4d7b0bed4cf9ab827e9f32448f69) Importer(2089858483,192608db42251d675da83286b1cce702) (ScriptedImporter) -> (artifact id: 'e149a362e67f94bbae21a059c19cb697') in 0.0372395 seconds
Number of updated asset objects reloaded before import = 0Number of asset objects unloaded after import = 1

========================================================================
Received Import Request.
  Time since last request: 0.000159 seconds.
  path: Assets/TextMesh Pro/Examples & Extras/Fonts/Unity.ttf
  artifactKey: Guid(f4eec857a4fdf2f43be0e9f3d1a984e7) Importer(2089858483,192608db42251d675da83286b1cce702)
Start importing Assets/TextMesh Pro/Examples & Extras/Fonts/Unity.ttf using Guid(f4eec857a4fdf2f43be0e9f3d1a984e7) Importer(2089858483,192608db42251d675da83286b1cce702) (ScriptedImporter) -> (artifact id: 'ef1418fd9193d4b5c99eecf24bd81427') in 0.0391546 seconds
Number of updated asset objects reloaded before import = 0Number of asset objects unloaded after import = 3

========================================================================
Received Import Request.
  Time since last request: 0.000029 seconds.
  path: Assets/TextMesh Pro/Examples & Extras/Textures/Wipe Pattern - Radial Quad.psd
  artifactKey: Guid(2b5e9ae96c5644d8bae932f8b4ca68a2) Importer(2089858483,192608db42251d675da83286b1cce702)
Start importing Assets/TextMesh Pro/Examples & Extras/Textures/Wipe Pattern - Radial Quad.psd using Guid(2b5e9ae96c5644d8bae932f8b4ca68a2) Importer(2089858483,192608db42251d675da83286b1cce702) (ScriptedImporter) -> (artifact id: 'afff9a61c720f775a57d3b2f72424985') in 0.0455085 seconds
Number of updated asset objects reloaded before import = 0Number of asset objects unloaded after import = 1

========================================================================
Received Import Request.
  Time since last request: 0.000046 seconds.
  path: Assets/TextMesh Pro/Resources/Style Sheets/Default Style Sheet.asset
  artifactKey: Guid(f952c082cb03451daed3ee968ac6c63e) Importer(2089858483,192608db42251d675da83286b1cce702)
Start importing Assets/TextMesh Pro/Resources/Style Sheets/Default Style Sheet.asset using Guid(f952c082cb03451daed3ee968ac6c63e) Importer(2089858483,192608db42251d675da83286b1cce702) (ScriptedImporter) -> (artifact id: 'b39e38285692fbbdcd635301d9b4f526') in 0.0215505 seconds
Number of updated asset objects reloaded before import = 0Number of asset objects unloaded after import = 1

========================================================================
Received Import Request.
  Time since last request: 0.000155 seconds.
  path: Assets/TextMesh Pro/Resources/Fonts & Materials/LiberationSans SDF - Fallback.asset
  artifactKey: Guid(2e498d1c8094910479dc3e1b768306a4) Importer(2089858483,192608db42251d675da83286b1cce702)
Start importing Assets/TextMesh Pro/Resources/Fonts & Materials/LiberationSans SDF - Fallback.asset using Guid(2e498d1c8094910479dc3e1b768306a4) Importer(2089858483,192608db42251d675da83286b1cce702) (ScriptedImporter) -> (artifact id: '8098abc6027efbebf6b7403d5444d61a') in 0.0565205 seconds
Number of updated asset objects reloaded before import = 0Number of asset objects unloaded after import = 5

========================================================================
Received Import Request.
  Time since last request: 0.000031 seconds.
  path: Assets/TextMesh Pro/Examples & Extras/Textures/Gradient Diagonal (Color).jpg
  artifactKey: Guid(2ce5c55e85304b819a1826ecbc839aa5) Importer(2089858483,192608db42251d675da83286b1cce702)
Start importing Assets/TextMesh Pro/Examples & Extras/Textures/Gradient Diagonal (Color).jpg using Guid(2ce5c55e85304b819a1826ecbc839aa5) Importer(2089858483,192608db42251d675da83286b1cce702) (ScriptedImporter) -> (artifact id: '28983a80b495bb1c0f5ec9f31130ebce') in 0.0376096 seconds
Number of updated asset objects reloaded before import = 0Number of asset objects unloaded after import = 1

========================================================================
Received Import Request.
  Time since last request: 0.000128 seconds.
  path: Assets/TextMesh Pro/Examples & Extras/Textures/Fruit Jelly (B&W).jpg
  artifactKey: Guid(1cdc5b506b1a4a33a53c30669ced1f51) Importer(2089858483,192608db42251d675da83286b1cce702)
Start importing Assets/TextMesh Pro/Examples & Extras/Textures/Fruit Jelly (B&W).jpg using Guid(1cdc5b506b1a4a33a53c30669ced1f51) Importer(2089858483,192608db42251d675da83286b1cce702) (ScriptedImporter) -> (artifact id: '5375d346828cabf99a283582f4b983bc') in 0.0387858 seconds
Number of updated asset objects reloaded before import = 0Number of asset objects unloaded after import = 1

========================================================================
Received Import Request.
  Time since last request: 0.000080 seconds.
  path: Assets/TextMesh Pro/Examples & Extras/Resources/Color Gradient Presets/Yellow to Orange - Vertical.asset
  artifactKey: Guid(69a525efa7e6472eab268f6ea605f06e) Importer(2089858483,192608db42251d675da83286b1cce702)
Start importing Assets/TextMesh Pro/Examples & Extras/Resources/Color Gradient Presets/Yellow to Orange - Vertical.asset using Guid(69a525efa7e6472eab268f6ea605f06e) Importer(2089858483,192608db42251d675da83286b1cce702) (ScriptedImporter) -> (artifact id: 'd6ad1dfcb365a930791c13146c75cf15') in 0.0348339 seconds
Number of updated asset objects reloaded before import = 0Number of asset objects unloaded after import = 1

========================================================================
Received Import Request.
  Time since last request: 0.000196 seconds.
  path: Assets/TextMesh Pro/Examples & Extras/Resources/Color Gradient Presets/Blue to Purple - Vertical.asset
  artifactKey: Guid(479a66fa4b094512a62b0a8e553ad95a) Importer(2089858483,192608db42251d675da83286b1cce702)
Start importing Assets/TextMesh Pro/Examples & Extras/Resources/Color Gradient Presets/Blue to Purple - Vertical.asset using Guid(479a66fa4b094512a62b0a8e553ad95a) Importer(2089858483,192608db42251d675da83286b1cce702) (ScriptedImporter) -> (artifact id: '696d2dcc27176d0e0e9c93ae9eef8def') in 0.0417198 seconds
Number of updated asset objects reloaded before import = 0Number of asset objects unloaded after import = 1

========================================================================
Received Import Request.
  Time since last request: 0.000091 seconds.
  path: Assets/TextMesh Pro/Examples & Extras/Resources/Color Gradient Presets/Dark to Light Green - Vertical.asset
  artifactKey: Guid(4c86a3366cd840348ebe8dc438570ee4) Importer(2089858483,192608db42251d675da83286b1cce702)
Start importing Assets/TextMesh Pro/Examples & Extras/Resources/Color Gradient Presets/Dark to Light Green - Vertical.asset using Guid(4c86a3366cd840348ebe8dc438570ee4) Importer(2089858483,192608db42251d675da83286b1cce702) (ScriptedImporter) -> (artifact id: 'add2c1c09bd6ba9c2d45df24deae8799') in 0.0401857 seconds
Number of updated asset objects reloaded before import = 0Number of asset objects unloaded after import = 1

========================================================================
Received Import Request.
  Time since last request: 0.000121 seconds.
  path: Assets/TextMesh Pro/Examples & Extras/Textures/Floor Cement.jpg
  artifactKey: Guid(283f897e4925411ebbaa758b4cb13fc2) Importer(2089858483,192608db42251d675da83286b1cce702)
Start importing Assets/TextMesh Pro/Examples & Extras/Textures/Floor Cement.jpg using Guid(283f897e4925411ebbaa758b4cb13fc2) Importer(2089858483,192608db42251d675da83286b1cce702) (ScriptedImporter) -> (artifact id: 'a34e6f84bb11c25e5415153f4a7ebe68') in 0.0346611 seconds
Number of updated asset objects reloaded before import = 0Number of asset objects unloaded after import = 1

========================================================================
Received Import Request.
  Time since last request: 0.000107 seconds.
  path: Assets/TextMesh Pro/Examples & Extras/Textures/Gradient Vertical (Color).jpg
  artifactKey: Guid(03d0538de6e24c0f819bfc9ce084dfa9) Importer(2089858483,192608db42251d675da83286b1cce702)
Start importing Assets/TextMesh Pro/Examples & Extras/Textures/Gradient Vertical (Color).jpg using Guid(03d0538de6e24c0f819bfc9ce084dfa9) Importer(2089858483,192608db42251d675da83286b1cce702) (ScriptedImporter) -> (artifact id: '26ab6871547c26d222c3afa0c13992c2') in 0.0412027 seconds
Number of updated asset objects reloaded before import = 0Number of asset objects unloaded after import = 1

========================================================================
Received Import Request.
  Time since last request: 0.000238 seconds.
  path: Assets/TextMesh Pro/Examples & Extras/Resources/Fonts & Materials/Anton SDF - Drop Shadow.mat
  artifactKey: Guid(749b9069dc4742c5bfa5c74644049926) Importer(2089858483,192608db42251d675da83286b1cce702)
Start importing Assets/TextMesh Pro/Examples & Extras/Resources/Fonts & Materials/Anton SDF - Drop Shadow.mat using Guid(749b9069dc4742c5bfa5c74644049926) Importer(2089858483,192608db42251d675da83286b1cce702) (ScriptedImporter) -> (artifact id: 'c567b5b57bcd5914c84732523ae36b3f') in 0.0560417 seconds
Number of updated asset objects reloaded before import = 0Number of asset objects unloaded after import = 2

========================================================================
Received Import Request.
  Time since last request: 0.000049 seconds.
  path: Assets/TextMesh Pro/Examples & Extras/Fonts/Roboto-Bold - AFL.txt
  artifactKey: Guid(f28c334d44214474d9702d3ad79ecb0a) Importer(2089858483,192608db42251d675da83286b1cce702)
Start importing Assets/TextMesh Pro/Examples & Extras/Fonts/Roboto-Bold - AFL.txt using Guid(f28c334d44214474d9702d3ad79ecb0a) Importer(2089858483,192608db42251d675da83286b1cce702) (ScriptedImporter) -> (artifact id: 'a4784807970f42d3c990ae99cfa6cf02') in 0.0288762 seconds
Number of updated asset objects reloaded before import = 0Number of asset objects unloaded after import = 1

========================================================================
Received Import Request.
  Time since last request: 0.000152 seconds.
  path: Assets/TextMesh Pro/Examples & Extras/Resources/Fonts & Materials/Anton SDF - Outline.mat
  artifactKey: Guid(a00013af81304728b2be1f4309ee2433) Importer(2089858483,192608db42251d675da83286b1cce702)
Start importing Assets/TextMesh Pro/Examples & Extras/Resources/Fonts & Materials/Anton SDF - Outline.mat using Guid(a00013af81304728b2be1f4309ee2433) Importer(2089858483,192608db42251d675da83286b1cce702) (ScriptedImporter) -> (artifact id: 'a2b5ecf2f732de8c94244b63cb8bda46') in 0.0356141 seconds
Number of updated asset objects reloaded before import = 0Number of asset objects unloaded after import = 2

========================================================================
Received Import Request.
  Time since last request: 0.000023 seconds.
  path: Assets/TextMesh Pro/Examples & Extras/Resources/Fonts & Materials/Electronic Highway Sign SDF.asset
  artifactKey: Guid(dc36b3fdc14f47ebb36fd484a67e268a) Importer(2089858483,192608db42251d675da83286b1cce702)
Start importing Assets/TextMesh Pro/Examples & Extras/Resources/Fonts & Materials/Electronic Highway Sign SDF.asset using Guid(dc36b3fdc14f47ebb36fd484a67e268a) Importer(2089858483,192608db42251d675da83286b1cce702) (ScriptedImporter) -> (artifact id: 'b4fa28f92841fe4757aedcd5ba99e7d2') in 0.0493121 seconds
Number of updated asset objects reloaded before import = 0Number of asset objects unloaded after import = 5

========================================================================
Received Import Request.
  Time since last request: 0.000029 seconds.
  path: Assets/TextMesh Pro/Examples & Extras/Resources/Fonts & Materials/Oswald Bold SDF.asset
  artifactKey: Guid(0161d805a3764c089bef00bfe00793f5) Importer(2089858483,192608db42251d675da83286b1cce702)
Start importing Assets/TextMesh Pro/Examples & Extras/Resources/Fonts & Materials/Oswald Bold SDF.asset using Guid(0161d805a3764c089bef00bfe00793f5) Importer(2089858483,192608db42251d675da83286b1cce702) (ScriptedImporter) -> (artifact id: 'db55164afc406fc6a7bcd2948768e851') in 0.0630258 seconds
Number of updated asset objects reloaded before import = 0Number of asset objects unloaded after import = 5

========================================================================
Received Import Request.
  Time since last request: 0.000041 seconds.
  path: Assets/TextMesh Pro/Examples & Extras/Resources/Fonts & Materials/Roboto-Bold SDF - URP.mat
  artifactKey: Guid(90722b8bd74d9aa49958562aff7bdf76) Importer(2089858483,192608db42251d675da83286b1cce702)
Start importing Assets/TextMesh Pro/Examples & Extras/Resources/Fonts & Materials/Roboto-Bold SDF - URP.mat using Guid(90722b8bd74d9aa49958562aff7bdf76) Importer(2089858483,192608db42251d675da83286b1cce702) (ScriptedImporter) -> (artifact id: 'e493cb78658de4be668e9b43467526cc') in 0.0340347 seconds
Number of updated asset objects reloaded before import = 0Number of asset objects unloaded after import = 1

========================================================================
Received Import Request.
  Time since last request: 0.000086 seconds.
  path: Assets/TextMesh Pro/Examples & Extras/Resources/Fonts & Materials/Roboto-Bold SDF - HDRP Unlit.mat
  artifactKey: Guid(2ddca8f46aa0838419d568affb0ca6b4) Importer(2089858483,192608db42251d675da83286b1cce702)
Start importing Assets/TextMesh Pro/Examples & Extras/Resources/Fonts & Materials/Roboto-Bold SDF - HDRP Unlit.mat using Guid(2ddca8f46aa0838419d568affb0ca6b4) Importer(2089858483,192608db42251d675da83286b1cce702) (ScriptedImporter) -> (artifact id: '420e92ec805e3e089cf9be079aaec654') in 0.0367254 seconds
Number of updated asset objects reloaded before import = 0Number of asset objects unloaded after import = 1

========================================================================
Received Import Request.
  Time since last request: 0.000084 seconds.
  path: Assets/TextMesh Pro/Examples & Extras/Resources/Fonts & Materials/Bangers SDF Logo.mat
  artifactKey: Guid(f4e195ac1e204eff960149d1cb34e18c) Importer(2089858483,192608db42251d675da83286b1cce702)
Start importing Assets/TextMesh Pro/Examples & Extras/Resources/Fonts & Materials/Bangers SDF Logo.mat using Guid(f4e195ac1e204eff960149d1cb34e18c) Importer(2089858483,192608db42251d675da83286b1cce702) (ScriptedImporter) -> (artifact id: 'ae520b6a990d4ef33a760b43ad1fc427') in 0.0602545 seconds
Number of updated asset objects reloaded before import = 0Number of asset objects unloaded after import = 4

========================================================================
Received Import Request.
  Time since last request: 0.000026 seconds.
  path: Assets/TextMesh Pro/Examples & Extras/Resources/Sprite Assets/DropCap Numbers.asset
  artifactKey: Guid(14aa93acbb234d16aaef0e8b46814db6) Importer(2089858483,192608db42251d675da83286b1cce702)
Start importing Assets/TextMesh Pro/Examples & Extras/Resources/Sprite Assets/DropCap Numbers.asset using Guid(14aa93acbb234d16aaef0e8b46814db6) Importer(2089858483,192608db42251d675da83286b1cce702) (ScriptedImporter) -> (artifact id: 'd8604c5fd1af2170caef44bb1a1d006d') in 0.0334312 seconds
Number of updated asset objects reloaded before import = 0Number of asset objects unloaded after import = 3

========================================================================
Received Import Request.
  Time since last request: 0.000031 seconds.
  path: Assets/TextMesh Pro/Examples & Extras/Resources/Fonts & Materials/Bangers SDF.asset
  artifactKey: Guid(125cb55b44b24c4393181402bc6200e6) Importer(2089858483,192608db42251d675da83286b1cce702)
Start importing Assets/TextMesh Pro/Examples & Extras/Resources/Fonts & Materials/Bangers SDF.asset using Guid(125cb55b44b24c4393181402bc6200e6) Importer(2089858483,192608db42251d675da83286b1cce702) (ScriptedImporter) -> (artifact id: 'a26e30b77045f691153eec6837412a73') in 0.0343681 seconds
Number of updated asset objects reloaded before import = 0Number of asset objects unloaded after import = 5

========================================================================
Received Import Request.
  Time since last request: 0.000151 seconds.
  path: Assets/TextMesh Pro/Examples & Extras/Scenes/04 - Word Wrapping.unity
  artifactKey: Guid(8f7137eacd7042d5b17ef0efe5e744f5) Importer(2089858483,192608db42251d675da83286b1cce702)
Start importing Assets/TextMesh Pro/Examples & Extras/Scenes/04 - Word Wrapping.unity using Guid(8f7137eacd7042d5b17ef0efe5e744f5) Importer(2089858483,192608db42251d675da83286b1cce702) (ScriptedImporter) -> (artifact id: '51ae9b3def9ee20daacbc7eed0690643') in 0.0317873 seconds
Number of updated asset objects reloaded before import = 0Number of asset objects unloaded after import = 1

========================================================================
Received Import Request.
  Time since last request: 0.000092 seconds.
  path: Assets/TextMesh Pro/Examples & Extras/Scenes/16 - Linked text overflow mode example.unity
  artifactKey: Guid(9442cda25baa4a0bb544c4d095b00caa) Importer(2089858483,192608db42251d675da83286b1cce702)
Start importing Assets/TextMesh Pro/Examples & Extras/Scenes/16 - Linked text overflow mode example.unity using Guid(9442cda25baa4a0bb544c4d095b00caa) Importer(2089858483,192608db42251d675da83286b1cce702) (ScriptedImporter) -> (artifact id: 'e28f9e8de70f69c5f9d37ca80b1dbe5f') in 0.0327639 seconds
Number of updated asset objects reloaded before import = 0Number of asset objects unloaded after import = 1

========================================================================
Received Import Request.
  Time since last request: 0.000087 seconds.
  path: Assets/TextMesh Pro/Examples & Extras/Scenes/26 - Dropdown Placeholder Example.unity
  artifactKey: Guid(0851605490a599b46b6ac5cb681d93ea) Importer(2089858483,192608db42251d675da83286b1cce702)
Start importing Assets/TextMesh Pro/Examples & Extras/Scenes/26 - Dropdown Placeholder Example.unity using Guid(0851605490a599b46b6ac5cb681d93ea) Importer(2089858483,192608db42251d675da83286b1cce702) (ScriptedImporter) -> (artifact id: '937ad6c56af5e6c57e622e66db6c7d3a') in 0.0331777 seconds
Number of updated asset objects reloaded before import = 0Number of asset objects unloaded after import = 1

========================================================================
Received Import Request.
  Time since last request: 0.000105 seconds.
  path: Assets/TextMesh Pro/Examples & Extras/Textures/Gradient Horizontal (Color).jpg
  artifactKey: Guid(6eb184de103d4b3f812b38561065192f) Importer(2089858483,192608db42251d675da83286b1cce702)
Start importing Assets/TextMesh Pro/Examples & Extras/Textures/Gradient Horizontal (Color).jpg using Guid(6eb184de103d4b3f812b38561065192f) Importer(2089858483,192608db42251d675da83286b1cce702) (ScriptedImporter) -> (artifact id: '306699be38bbd3cb948d1434a7f11a50') in 0.0387721 seconds
Number of updated asset objects reloaded before import = 0Number of asset objects unloaded after import = 1

========================================================================
Received Import Request.
  Time since last request: 0.000077 seconds.
  path: Assets/TextMesh Pro/Examples & Extras/Scripts/TMP_TextEventHandler.cs
  artifactKey: Guid(1312ae25639a4bae8e25ae223209cc50) Importer(2089858483,192608db42251d675da83286b1cce702)
Start importing Assets/TextMesh Pro/Examples & Extras/Scripts/TMP_TextEventHandler.cs using Guid(1312ae25639a4bae8e25ae223209cc50) Importer(2089858483,192608db42251d675da83286b1cce702) (ScriptedImporter) -> (artifact id: 'f23ac8f2e30ef0aad63091b8d3253d35') in 0.0189502 seconds
Number of updated asset objects reloaded before import = 0Number of asset objects unloaded after import = 0

========================================================================
Received Import Request.
  Time since last request: 0.000065 seconds.
  path: Assets/TextMesh Pro/Resources/Fonts & Materials/LiberationSans SDF - Drop Shadow.mat
  artifactKey: Guid(e73a58f6e2794ae7b1b7e50b7fb811b0) Importer(2089858483,192608db42251d675da83286b1cce702)
Start importing Assets/TextMesh Pro/Resources/Fonts & Materials/LiberationSans SDF - Drop Shadow.mat using Guid(e73a58f6e2794ae7b1b7e50b7fb811b0) Importer(2089858483,192608db42251d675da83286b1cce702) (ScriptedImporter) -> (artifact id: '17efa86a0831d3f68d9d8bf0eb47620d') in 0.0314227 seconds
Number of updated asset objects reloaded before import = 0Number of asset objects unloaded after import = 2

========================================================================
Received Import Request.
  Time since last request: 0.000019 seconds.
  path: Assets/Prefabs/rabbitCashier_Asset/textures/rabbitTEX.jpg
  artifactKey: Guid(e7332b0c576c02f4694c0b2d60bea999) Importer(2089858483,192608db42251d675da83286b1cce702)
Start importing Assets/Prefabs/rabbitCashier_Asset/textures/rabbitTEX.jpg using Guid(e7332b0c576c02f4694c0b2d60bea999) Importer(2089858483,192608db42251d675da83286b1cce702) (ScriptedImporter) -> (artifact id: 'ba3fd4ad4396cd5592532b392885d187') in 0.026309 seconds
Number of updated asset objects reloaded before import = 0Number of asset objects unloaded after import = 1

========================================================================
Received Import Request.
  Time since last request: 0.000132 seconds.
  path: Assets/TextMesh Pro/Examples & Extras/Fonts/Anton OFL.txt
  artifactKey: Guid(73a79399807f4e8388c2cbb5494681ca) Importer(2089858483,192608db42251d675da83286b1cce702)
Start importing Assets/TextMesh Pro/Examples & Extras/Fonts/Anton OFL.txt using Guid(73a79399807f4e8388c2cbb5494681ca) Importer(2089858483,192608db42251d675da83286b1cce702) (ScriptedImporter) -> (artifact id: '80bea3d5b8e9e9c1e259e995212ea96f') in 0.0285516 seconds
Number of updated asset objects reloaded before import = 0Number of asset objects unloaded after import = 1

========================================================================
Received Import Request.
  Time since last request: 0.000194 seconds.
  path: Assets/TextMesh Pro/Examples & Extras/Scripts/TMP_DigitValidator.cs
  artifactKey: Guid(1a7eb92a01ed499a987bde9def05fbce) Importer(2089858483,192608db42251d675da83286b1cce702)
Start importing Assets/TextMesh Pro/Examples & Extras/Scripts/TMP_DigitValidator.cs using Guid(1a7eb92a01ed499a987bde9def05fbce) Importer(2089858483,192608db42251d675da83286b1cce702) (ScriptedImporter) -> (artifact id: '166a0cffc72695676b394116781e528b') in 0.024679 seconds
Number of updated asset objects reloaded before import = 0Number of asset objects unloaded after import = 0

========================================================================
Received Import Request.
  Time since last request: 0.000115 seconds.
  path: Assets/TextMesh Pro/Examples & Extras/Scripts/VertexShakeB.cs
  artifactKey: Guid(e4e0d9ccee5f4950be8979268c9014e0) Importer(2089858483,192608db42251d675da83286b1cce702)
Start importing Assets/TextMesh Pro/Examples & Extras/Scripts/VertexShakeB.cs using Guid(e4e0d9ccee5f4950be8979268c9014e0) Importer(2089858483,192608db42251d675da83286b1cce702) (ScriptedImporter) -> (artifact id: '873337fd0098aa4fc44f575d4efdc40e') in 0.0211893 seconds
Number of updated asset objects reloaded before import = 0Number of asset objects unloaded after import = 0

========================================================================
Received Import Request.
  Time since last request: 0.000231 seconds.
  path: Assets/TextMesh Pro/Examples & Extras/Scripts/TMP_PhoneNumberValidator.cs
  artifactKey: Guid(83680ab1a69f4102ac67d1459fe76e1f) Importer(2089858483,192608db42251d675da83286b1cce702)
Start importing Assets/TextMesh Pro/Examples & Extras/Scripts/TMP_PhoneNumberValidator.cs using Guid(83680ab1a69f4102ac67d1459fe76e1f) Importer(2089858483,192608db42251d675da83286b1cce702) (ScriptedImporter) -> (artifact id: '919ce04de35e1c12d1781396a90d2184') in 0.0245711 seconds
Number of updated asset objects reloaded before import = 0Number of asset objects unloaded after import = 0

========================================================================
Received Import Request.
  Time since last request: 0.000110 seconds.
  path: Assets/Cute Supermarket Lite/Prefabs/flask_coffee.prefab
  artifactKey: Guid(92c7f8056cabe5d41adb33dabc77e09f) Importer(2089858483,192608db42251d675da83286b1cce702)
Start importing Assets/Cute Supermarket Lite/Prefabs/flask_coffee.prefab using Guid(92c7f8056cabe5d41adb33dabc77e09f) Importer(2089858483,192608db42251d675da83286b1cce702) (ScriptedImporter) -> (artifact id: '43c1b22fa50f089ca561eda986f31218') in 0.0539606 seconds
Number of updated asset objects reloaded before import = 0Number of asset objects unloaded after import = 9

========================================================================
Received Import Request.
  Time since last request: 0.000018 seconds.
  path: Assets/Materials/Floor.mat
  artifactKey: Guid(596c868ec5760c647bebd0fb8ede7ee0) Importer(2089858483,192608db42251d675da83286b1cce702)
Start importing Assets/Materials/Floor.mat using Guid(596c868ec5760c647bebd0fb8ede7ee0) Importer(2089858483,192608db42251d675da83286b1cce702) (ScriptedImporter) -> (artifact id: '519e24e45e36544e3d4b70be13965a17') in 0.0318856 seconds
Number of updated asset objects reloaded before import = 0Number of asset objects unloaded after import = 1

========================================================================
Received Import Request.
  Time since last request: 0.000044 seconds.
  path: Assets/Joystick Pack/Sprites/Handles/Handle_Outline.png
  artifactKey: Guid(085185b08a40a924985bc0e4176edea6) Importer(2089858483,192608db42251d675da83286b1cce702)
Start importing Assets/Joystick Pack/Sprites/Handles/Handle_Outline.png using Guid(085185b08a40a924985bc0e4176edea6) Importer(2089858483,192608db42251d675da83286b1cce702) (ScriptedImporter) -> (artifact id: 'ed2bdd37246a4e21b3b240c040998a81') in 0.0325743 seconds
Number of updated asset objects reloaded before import = 0Number of asset objects unloaded after import = 3

========================================================================
Received Import Request.
  Time since last request: 0.000030 seconds.
  path: Assets/TextMesh Pro/Examples & Extras/Materials/Ground - Logo Scene.mat
  artifactKey: Guid(c719e38f25a9480abd2480ab621a2949) Importer(2089858483,192608db42251d675da83286b1cce702)
Start importing Assets/TextMesh Pro/Examples & Extras/Materials/Ground - Logo Scene.mat using Guid(c719e38f25a9480abd2480ab621a2949) Importer(2089858483,192608db42251d675da83286b1cce702) (ScriptedImporter) -> (artifact id: '56748a92070b14373d7e641a66483118') in 0.0333713 seconds
Number of updated asset objects reloaded before import = 0Number of asset objects unloaded after import = 2

========================================================================
Received Import Request.
  Time since last request: 0.000017 seconds.
  path: Assets/TextMesh Pro/Examples & Extras/Textures/Text Overflow - Linked Text Image 1.png
  artifactKey: Guid(4ccf43d26c4748c792174516f4a8fcef) Importer(2089858483,192608db42251d675da83286b1cce702)
Start importing Assets/TextMesh Pro/Examples & Extras/Textures/Text Overflow - Linked Text Image 1.png using Guid(4ccf43d26c4748c792174516f4a8fcef) Importer(2089858483,192608db42251d675da83286b1cce702) (ScriptedImporter) -> (artifact id: 'db73236db090a8e8849069bf440bd1e9') in 0.0411628 seconds
Number of updated asset objects reloaded before import = 0Number of asset objects unloaded after import = 1

========================================================================
Received Import Request.
  Time since last request: 0.000152 seconds.
  path: Assets/TextMesh Pro/Sprites/EmojiOne.png
  artifactKey: Guid(dffef66376be4fa480fb02b19edbe903) Importer(2089858483,192608db42251d675da83286b1cce702)
Start importing Assets/TextMesh Pro/Sprites/EmojiOne.png using Guid(dffef66376be4fa480fb02b19edbe903) Importer(2089858483,192608db42251d675da83286b1cce702) (ScriptedImporter) -> (artifact id: '7a5192d1e3f33794f0af6fa5150c9061') in 0.0303049 seconds
Number of updated asset objects reloaded before import = 0Number of asset objects unloaded after import = 1

========================================================================
Received Import Request.
  Time since last request: 0.000091 seconds.
  path: Assets/TextMesh Pro/Examples & Extras/Scripts/Benchmark01_UGUI.cs
  artifactKey: Guid(8ef7be1c625941f7ba8ed7cc71718c0d) Importer(2089858483,192608db42251d675da83286b1cce702)
Start importing Assets/TextMesh Pro/Examples & Extras/Scripts/Benchmark01_UGUI.cs using Guid(8ef7be1c625941f7ba8ed7cc71718c0d) Importer(2089858483,192608db42251d675da83286b1cce702) (ScriptedImporter) -> (artifact id: '468b5f882962ab9ada274c5b35b01789') in 0.0188774 seconds
Number of updated asset objects reloaded before import = 0Number of asset objects unloaded after import = 0

========================================================================
Received Import Request.
  Time since last request: 0.000397 seconds.
  path: Assets/TextMesh Pro/Examples & Extras/Scripts/Benchmark04.cs
  artifactKey: Guid(dc20866c0d5e413ab7559440e15333ae) Importer(2089858483,192608db42251d675da83286b1cce702)
Start importing Assets/TextMesh Pro/Examples & Extras/Scripts/Benchmark04.cs using Guid(dc20866c0d5e413ab7559440e15333ae) Importer(2089858483,192608db42251d675da83286b1cce702) (ScriptedImporter) -> (artifact id: 'a8b7816849bd57da011921690f24ccfa') in 0.0228384 seconds
Number of updated asset objects reloaded before import = 0Number of asset objects unloaded after import = 0

========================================================================
Received Import Request.
  Time since last request: 0.000152 seconds.
  path: Assets/Cute Supermarket Lite/Models/bottle_yogurt_strawberry.fbx
  artifactKey: Guid(b75d2c73ca1276e4dbaacfb18e1fdbcb) Importer(2089858483,192608db42251d675da83286b1cce702)
Start importing Assets/Cute Supermarket Lite/Models/bottle_yogurt_strawberry.fbx using Guid(b75d2c73ca1276e4dbaacfb18e1fdbcb) Importer(2089858483,192608db42251d675da83286b1cce702) (ScriptedImporter) -> (artifact id: 'b72f59645cea59dc92bc3d2d38c2cc9e') in 0.063594 seconds
Number of updated asset objects reloaded before import = 0Number of asset objects unloaded after import = 7

========================================================================
Received Import Request.
  Time since last request: 0.000055 seconds.
  path: Assets/Cute Supermarket Lite/Prefabs/can_food_blue.prefab
  artifactKey: Guid(684be142cc15f684abc593cc49203ace) Importer(2089858483,192608db42251d675da83286b1cce702)
Start importing Assets/Cute Supermarket Lite/Prefabs/can_food_blue.prefab using Guid(684be142cc15f684abc593cc49203ace) Importer(2089858483,192608db42251d675da83286b1cce702) (ScriptedImporter) -> (artifact id: 'dd900910dee4d2f17348e479a5c0c44a') in 0.0897135 seconds
Number of updated asset objects reloaded before import = 0Number of asset objects unloaded after import = 9

========================================================================
Received Import Request.
  Time since last request: 0.000047 seconds.
  path: Assets/Joystick Pack/Prefabs/Dynamic Joystick.prefab
  artifactKey: Guid(56fae09712773584fb63896d473a98ee) Importer(2089858483,192608db42251d675da83286b1cce702)
Start importing Assets/Joystick Pack/Prefabs/Dynamic Joystick.prefab using Guid(56fae09712773584fb63896d473a98ee) Importer(2089858483,192608db42251d675da83286b1cce702) (ScriptedImporter) -> (artifact id: 'f39e61bd2375564f6ab024f3d805284d') in 0.0626869 seconds
Number of updated asset objects reloaded before import = 0Number of asset objects unloaded after import = 17

========================================================================
Received Import Request.
  Time since last request: 0.000063 seconds.
  path: Assets/TextMesh Pro/Shaders/TMP_Bitmap-Custom-Atlas.shader
  artifactKey: Guid(48bb5f55d8670e349b6e614913f9d910) Importer(2089858483,192608db42251d675da83286b1cce702)
Start importing Assets/TextMesh Pro/Shaders/TMP_Bitmap-Custom-Atlas.shader using Guid(48bb5f55d8670e349b6e614913f9d910) Importer(2089858483,192608db42251d675da83286b1cce702) (ScriptedImporter) -> (artifact id: '2f5f590729f071a7cf6d0278223661a5') in 0.0232946 seconds
Number of updated asset objects reloaded before import = 0Number of asset objects unloaded after import = 1

========================================================================
Received Import Request.
  Time since last request: 0.000113 seconds.
  path: Assets/TextMesh Pro/Examples & Extras/Textures/Brushed Metal 3.jpg
  artifactKey: Guid(f88677df267a41d6be1e7a6133e7d227) Importer(2089858483,192608db42251d675da83286b1cce702)
Start importing Assets/TextMesh Pro/Examples & Extras/Textures/Brushed Metal 3.jpg using Guid(f88677df267a41d6be1e7a6133e7d227) Importer(2089858483,192608db42251d675da83286b1cce702) (ScriptedImporter) -> (artifact id: '25e707a059072dca58bd130ed2297d68') in 0.032868 seconds
Number of updated asset objects reloaded before import = 0Number of asset objects unloaded after import = 1

========================================================================
Received Import Request.
  Time since last request: 0.000083 seconds.
  path: Assets/Joystick Pack/Scripts/Joysticks/VariableJoystick.cs
  artifactKey: Guid(42844a4fccbd54746b90cade4ff70f73) Importer(2089858483,192608db42251d675da83286b1cce702)
Start importing Assets/Joystick Pack/Scripts/Joysticks/VariableJoystick.cs using Guid(42844a4fccbd54746b90cade4ff70f73) Importer(2089858483,192608db42251d675da83286b1cce702) (ScriptedImporter) -> (artifact id: 'bb9b126aa337fc1c1379b0e66c0d7638') in 0.0258052 seconds
Number of updated asset objects reloaded before import = 0Number of asset objects unloaded after import = 0

========================================================================
Received Import Request.
  Time since last request: 0.000502 seconds.
  path: Assets/Prefabs/Supermercado/ChickenLeg.fbx
  artifactKey: Guid(e86f3a88f690f72459b50ef34085873c) Importer(2089858483,192608db42251d675da83286b1cce702)
Start importing Assets/Prefabs/Supermercado/ChickenLeg.fbx using Guid(e86f3a88f690f72459b50ef34085873c) Importer(2089858483,192608db42251d675da83286b1cce702) (ScriptedImporter) -> (artifact id: '724acf52829b032935956e9b45de7105') in 0.046755 seconds
Number of updated asset objects reloaded before import = 0Number of asset objects unloaded after import = 16

========================================================================
Received Import Request.
  Time since last request: 0.000026 seconds.
  path: Assets/TextMesh Pro/Examples & Extras/Resources/Sprite Assets/Default Sprite Asset.asset
  artifactKey: Guid(fbef3c704dce48f08a44612d6c856c8d) Importer(2089858483,192608db42251d675da83286b1cce702)
Start importing Assets/TextMesh Pro/Examples & Extras/Resources/Sprite Assets/Default Sprite Asset.asset using Guid(fbef3c704dce48f08a44612d6c856c8d) Importer(2089858483,192608db42251d675da83286b1cce702) (ScriptedImporter) -> (artifact id: '8176851b2b3107c4ebd11ee3369db0d2') in 0.0303078 seconds
Number of updated asset objects reloaded before import = 0Number of asset objects unloaded after import = 3

========================================================================
Received Import Request.
  Time since last request: 0.000026 seconds.
  path: Assets/Joystick Pack/Sprites/All Axis Backgrounds/AllAxis_Ridged_Arrows.png
  artifactKey: Guid(4cbc879550e5e374a925e2e0a84d6f3c) Importer(2089858483,192608db42251d675da83286b1cce702)
Start importing Assets/Joystick Pack/Sprites/All Axis Backgrounds/AllAxis_Ridged_Arrows.png using Guid(4cbc879550e5e374a925e2e0a84d6f3c) Importer(2089858483,192608db42251d675da83286b1cce702) (ScriptedImporter) -> (artifact id: 'f90a50aa0bfc9aee8d95b734e9679320') in 0.0341214 seconds
Number of updated asset objects reloaded before import = 0Number of asset objects unloaded after import = 3

========================================================================
Received Import Request.
  Time since last request: 0.000040 seconds.
  path: Assets/Cute Supermarket Lite/Prefabs/cream_jar_yellow.prefab
  artifactKey: Guid(d90447f4151e57844ba78a8547e159ee) Importer(2089858483,192608db42251d675da83286b1cce702)
Start importing Assets/Cute Supermarket Lite/Prefabs/cream_jar_yellow.prefab using Guid(d90447f4151e57844ba78a8547e159ee) Importer(2089858483,192608db42251d675da83286b1cce702) (ScriptedImporter) -> (artifact id: '5ff3fa3c0231c945b048bb00378c7e7a') in 0.0516353 seconds
Number of updated asset objects reloaded before import = 0Number of asset objects unloaded after import = 9

========================================================================
Received Import Request.
  Time since last request: 0.000029 seconds.
  path: Assets/Cute Supermarket Lite/Models/chocolate.fbx
  artifactKey: Guid(090177f1cfdaf224c94b6a0166b488ce) Importer(2089858483,192608db42251d675da83286b1cce702)
Start importing Assets/Cute Supermarket Lite/Models/chocolate.fbx using Guid(090177f1cfdaf224c94b6a0166b488ce) Importer(2089858483,192608db42251d675da83286b1cce702) (ScriptedImporter) -> (artifact id: 'f6f2abd30864f0c8205a18dc0f33faf4') in 0.027523 seconds
Number of updated asset objects reloaded before import = 0Number of asset objects unloaded after import = 7

========================================================================
Received Import Request.
  Time since last request: 0.000053 seconds.
  path: Assets/Joystick Pack/Sprites/Horizontal Backgrounds/Horizontal_Outline_Arrows.png
  artifactKey: Guid(7927b9032dc11e841af3f9a1353d7ecd) Importer(2089858483,192608db42251d675da83286b1cce702)
Start importing Assets/Joystick Pack/Sprites/Horizontal Backgrounds/Horizontal_Outline_Arrows.png using Guid(7927b9032dc11e841af3f9a1353d7ecd) Importer(2089858483,192608db42251d675da83286b1cce702) (ScriptedImporter) -> (artifact id: '7ffeb37d9c9faef6c233ba78f67fec41') in 0.0366197 seconds
Number of updated asset objects reloaded before import = 0Number of asset objects unloaded after import = 3

========================================================================
Received Import Request.
  Time since last request: 0.000025 seconds.
  path: Assets/Cute Supermarket Lite/Prefabs/cart_orange.prefab
  artifactKey: Guid(dbb61a7156295ae4eba7dbc0108186e9) Importer(2089858483,192608db42251d675da83286b1cce702)
Start importing Assets/Cute Supermarket Lite/Prefabs/cart_orange.prefab using Guid(dbb61a7156295ae4eba7dbc0108186e9) Importer(2089858483,192608db42251d675da83286b1cce702) (ScriptedImporter) -> (artifact id: 'e5bd9448a937314e40e359f5bd221be4') in 0.0638597 seconds
Number of updated asset objects reloaded before import = 0Number of asset objects unloaded after import = 9

========================================================================
Received Import Request.
  Time since last request: 0.000072 seconds.
  path: Assets/Joystick Pack/Scripts/Editor/FloatingJoystickEditor.cs
  artifactKey: Guid(614d06243900d764f9c50b4da2c950a3) Importer(2089858483,192608db42251d675da83286b1cce702)
Start importing Assets/Joystick Pack/Scripts/Editor/FloatingJoystickEditor.cs using Guid(614d06243900d764f9c50b4da2c950a3) Importer(2089858483,192608db42251d675da83286b1cce702) (ScriptedImporter) -> (artifact id: 'ac1813f6081809bbb4b19afa7be79b9a') in 0.0195077 seconds
Number of updated asset objects reloaded before import = 0Number of asset objects unloaded after import = 0

========================================================================
Received Import Request.
  Time since last request: 0.000139 seconds.
  path: Assets/Joystick Pack/Examples/Ground.mat
  artifactKey: Guid(c569c280f0eb52a49a7b2a6b8b0cbcf8) Importer(2089858483,192608db42251d675da83286b1cce702)
Start importing Assets/Joystick Pack/Examples/Ground.mat using Guid(c569c280f0eb52a49a7b2a6b8b0cbcf8) Importer(2089858483,192608db42251d675da83286b1cce702) (ScriptedImporter) -> (artifact id: 'bc3b4cb6959831246e779fd7b4b44b27') in 0.0332537 seconds
Number of updated asset objects reloaded before import = 0Number of asset objects unloaded after import = 1

========================================================================
Received Import Request.
  Time since last request: 0.000248 seconds.
  path: Assets/TextMesh Pro/Examples & Extras/Scripts/Benchmark02.cs
  artifactKey: Guid(e8538afcddc14efbb5d9e94b7ae50197) Importer(2089858483,192608db42251d675da83286b1cce702)
Start importing Assets/TextMesh Pro/Examples & Extras/Scripts/Benchmark02.cs using Guid(e8538afcddc14efbb5d9e94b7ae50197) Importer(2089858483,192608db42251d675da83286b1cce702) (ScriptedImporter) -> (artifact id: '00ce5120371b4645b62215a682b744a8') in 0.0179672 seconds
Number of updated asset objects reloaded before import = 0Number of asset objects unloaded after import = 0

========================================================================
Received Import Request.
  Time since last request: 0.000156 seconds.
  path: Assets/Joystick Pack/Sprites/All Axis Backgrounds/AllAxis_Outline.png
  artifactKey: Guid(5b56d9fa0e8bd6e409ed188db38a692c) Importer(2089858483,192608db42251d675da83286b1cce702)
Start importing Assets/Joystick Pack/Sprites/All Axis Backgrounds/AllAxis_Outline.png using Guid(5b56d9fa0e8bd6e409ed188db38a692c) Importer(2089858483,192608db42251d675da83286b1cce702) (ScriptedImporter) -> (artifact id: '2cbb70e1e5fb0dad1a67312528436d97') in 0.0273265 seconds
Number of updated asset objects reloaded before import = 0Number of asset objects unloaded after import = 3

========================================================================
Received Import Request.
  Time since last request: 0.000024 seconds.
  path: Assets/Cute Supermarket Lite/Materials/overview_floor.mat
  artifactKey: Guid(aa12955d6d536064bbe0e86fc1bae53a) Importer(2089858483,192608db42251d675da83286b1cce702)
Start importing Assets/Cute Supermarket Lite/Materials/overview_floor.mat using Guid(aa12955d6d536064bbe0e86fc1bae53a) Importer(2089858483,192608db42251d675da83286b1cce702) (ScriptedImporter) -> (artifact id: '5f08f2985b19a66db18dbe9d363d58bd') in 0.0363804 seconds
Number of updated asset objects reloaded before import = 0Number of asset objects unloaded after import = 1

========================================================================
Received Import Request.
  Time since last request: 0.000095 seconds.
  path: Assets/TextMesh Pro/Sprites/EmojiOne Attribution.txt
  artifactKey: Guid(381dcb09d5029d14897e55f98031fca5) Importer(2089858483,192608db42251d675da83286b1cce702)
Start importing Assets/TextMesh Pro/Sprites/EmojiOne Attribution.txt using Guid(381dcb09d5029d14897e55f98031fca5) Importer(2089858483,192608db42251d675da83286b1cce702) (ScriptedImporter) -> (artifact id: 'ad3676aaeaad6c9c356a6f7b2539d37a') in 0.0330802 seconds
Number of updated asset objects reloaded before import = 0Number of asset objects unloaded after import = 1

========================================================================
Received Import Request.
  Time since last request: 0.000128 seconds.
  path: Assets/TextMesh Pro/Examples & Extras/Resources/Fonts & Materials/Anton SDF - Sunny Days.mat
  artifactKey: Guid(6522f30e342599e4e9dd4cc2cc03c830) Importer(2089858483,192608db42251d675da83286b1cce702)
Start importing Assets/TextMesh Pro/Examples & Extras/Resources/Fonts & Materials/Anton SDF - Sunny Days.mat using Guid(6522f30e342599e4e9dd4cc2cc03c830) Importer(2089858483,192608db42251d675da83286b1cce702) (ScriptedImporter) -> (artifact id: '0b480fbd9771cf3f4be4e4400a4aaa04') in 0.0567895 seconds
Number of updated asset objects reloaded before import = 0Number of asset objects unloaded after import = 4

========================================================================
Received Import Request.
  Time since last request: 0.000039 seconds.
  path: Assets/TextMesh Pro/Examples & Extras/Textures/Small Crate_diffuse.jpg
  artifactKey: Guid(602cb87b6a29443b8636370ea0751574) Importer(2089858483,192608db42251d675da83286b1cce702)
Start importing Assets/TextMesh Pro/Examples & Extras/Textures/Small Crate_diffuse.jpg using Guid(602cb87b6a29443b8636370ea0751574) Importer(2089858483,192608db42251d675da83286b1cce702) (ScriptedImporter) -> (artifact id: 'f8fde778be416d640f28c52e50287ea2') in 0.0336356 seconds
Number of updated asset objects reloaded before import = 0Number of asset objects unloaded after import = 1

========================================================================
Received Import Request.
  Time since last request: 0.000027 seconds.
  path: Assets/TextMesh Pro/Examples & Extras/Resources/Fonts & Materials/Bangers SDF - Drop Shadow - 2 Pass.mat
  artifactKey: Guid(947a44964e53bf0448ff698b2a2219c0) Importer(2089858483,192608db42251d675da83286b1cce702)
Start importing Assets/TextMesh Pro/Examples & Extras/Resources/Fonts & Materials/Bangers SDF - Drop Shadow - 2 Pass.mat using Guid(947a44964e53bf0448ff698b2a2219c0) Importer(2089858483,192608db42251d675da83286b1cce702) (ScriptedImporter) -> (artifact id: '6df80c01a24c21f1922df46e68aace17') in 0.0438783 seconds
Number of updated asset objects reloaded before import = 0Number of asset objects unloaded after import = 2

========================================================================
Received Import Request.
  Time since last request: 0.000046 seconds.
  path: Assets/Cute Supermarket Lite/Models/cart_orange.fbx
  artifactKey: Guid(ee729e98fb9a81d4f86d8ec258c18d22) Importer(2089858483,192608db42251d675da83286b1cce702)
Start importing Assets/Cute Supermarket Lite/Models/cart_orange.fbx using Guid(ee729e98fb9a81d4f86d8ec258c18d22) Importer(2089858483,192608db42251d675da83286b1cce702) (ScriptedImporter) -> (artifact id: 'a58f92e1479d5c3f1870fadea105f7d9') in 0.0340989 seconds
Number of updated asset objects reloaded before import = 0Number of asset objects unloaded after import = 7

========================================================================
Received Prepare
Begin MonoManager ReloadAssembly
- Loaded All Assemblies, in  1.042 seconds
Refreshing native plugins compatible for Editor in 1.54 ms, found 3 plugins.
Native extension for Android target not found
Native extension for WindowsStandalone target not found
Mono: successfully reloaded assembly
- Finished resetting the current domain, in  0.708 seconds
Domain Reload Profiling: 1754ms
	BeginReloadAssembly (379ms)
		ExecutionOrderSort (0ms)
		DisableScriptedObjects (14ms)
		BackupInstance (0ms)
		ReleaseScriptingObjects (0ms)
		CreateAndSetChildDomain (145ms)
	RebuildCommonClasses (39ms)
	RebuildNativeTypeToScriptingClass (13ms)
	initialDomainReloadingComplete (30ms)
	LoadAllAssembliesAndSetupDomain (584ms)
		LoadAssemblies (580ms)
		RebuildTransferFunctionScriptingTraits (0ms)
		AnalyzeDomain (168ms)
			TypeCache.Refresh (12ms)
				TypeCache.ScanAssembly (0ms)
			BuildScriptInfoCaches (143ms)
			ResolveRequiredComponents (7ms)
	FinalizeReload (709ms)
		ReleaseScriptCaches (0ms)
		RebuildScriptCaches (0ms)
		SetupLoadedEditorAssemblies (572ms)
			LogAssemblyErrors (0ms)
			InitializePlatformSupportModulesInManaged (12ms)
			SetLoadedEditorAssemblies (5ms)
			BeforeProcessingInitializeOnLoad (75ms)
			ProcessInitializeOnLoadAttributes (454ms)
			ProcessInitializeOnLoadMethodAttributes (24ms)
			AfterProcessingInitializeOnLoad (1ms)
			EditorAssembliesLoaded (0ms)
		ExecutionOrderSort2 (0ms)
		AwakeInstancesAfterBackupRestoration (6ms)
Refreshing native plugins compatible for Editor in 0.55 ms, found 3 plugins.
Preloading 0 native plugins for Editor in 0.00 ms.
Unloading 0 Unused Serialized files (Serialized files now loaded: 0)
Unloading 3346 unused Assets / (0.9 MB). Loaded Objects now: 3853.
Memory consumption went from 83.1 MB to 82.3 MB.
Total: 8.855700 ms (FindLiveObjects: 0.858100 ms CreateObjectMapping: 0.240500 ms MarkObjects: 6.608200 ms  DeleteObjects: 1.147000 ms)

Prepare: number of updated asset objects reloaded= 0
========================================================================
Received Prepare
Begin MonoManager ReloadAssembly
- Loaded All Assemblies, in  1.354 seconds
Refreshing native plugins compatible for Editor in 1.23 ms, found 3 plugins.
Native extension for Android target not found
Native extension for WindowsStandalone target not found
Mono: successfully reloaded assembly
- Finished resetting the current domain, in  0.830 seconds
Domain Reload Profiling: 2200ms
	BeginReloadAssembly (466ms)
		ExecutionOrderSort (0ms)
		DisableScriptedObjects (24ms)
		BackupInstance (0ms)
		ReleaseScriptingObjects (0ms)
		CreateAndSetChildDomain (176ms)
	RebuildCommonClasses (37ms)
	RebuildNativeTypeToScriptingClass (11ms)
	initialDomainReloadingComplete (33ms)
	LoadAllAssembliesAndSetupDomain (821ms)
		LoadAssemblies (659ms)
		RebuildTransferFunctionScriptingTraits (0ms)
		AnalyzeDomain (326ms)
			TypeCache.Refresh (20ms)
				TypeCache.ScanAssembly (0ms)
			BuildScriptInfoCaches (171ms)
			ResolveRequiredComponents (19ms)
	FinalizeReload (831ms)
		ReleaseScriptCaches (0ms)
		RebuildScriptCaches (0ms)
		SetupLoadedEditorAssemblies (677ms)
			LogAssemblyErrors (0ms)
			InitializePlatformSupportModulesInManaged (17ms)
			SetLoadedEditorAssemblies (8ms)
			BeforeProcessingInitializeOnLoad (101ms)
			ProcessInitializeOnLoadAttributes (504ms)
			ProcessInitializeOnLoadMethodAttributes (45ms)
			AfterProcessingInitializeOnLoad (2ms)
			EditorAssembliesLoaded (0ms)
		ExecutionOrderSort2 (0ms)
		AwakeInstancesAfterBackupRestoration (9ms)
Refreshing native plugins compatible for Editor in 1.89 ms, found 3 plugins.
Preloading 0 native plugins for Editor in 0.00 ms.
Unloading 0 Unused Serialized files (Serialized files now loaded: 0)
Unloading 3345 unused Assets / (0.9 MB). Loaded Objects now: 3853.
Memory consumption went from 83.1 MB to 82.2 MB.
Total: 13.012700 ms (FindLiveObjects: 1.222900 ms CreateObjectMapping: 0.547800 ms MarkObjects: 9.281900 ms  DeleteObjects: 1.956600 ms)

Prepare: number of updated asset objects reloaded= 0
========================================================================
Received Prepare
Begin MonoManager ReloadAssembly
- Loaded All Assemblies, in  0.610 seconds
Refreshing native plugins compatible for Editor in 0.39 ms, found 3 plugins.
Native extension for Android target not found
Native extension for WindowsStandalone target not found
Mono: successfully reloaded assembly
- Finished resetting the current domain, in  0.604 seconds
Domain Reload Profiling: 1216ms
	BeginReloadAssembly (191ms)
		ExecutionOrderSort (0ms)
		DisableScriptedObjects (7ms)
		BackupInstance (0ms)
		ReleaseScriptingObjects (0ms)
		CreateAndSetChildDomain (48ms)
	RebuildCommonClasses (29ms)
	RebuildNativeTypeToScriptingClass (10ms)
	initialDomainReloadingComplete (19ms)
	LoadAllAssembliesAndSetupDomain (362ms)
		LoadAssemblies (335ms)
		RebuildTransferFunctionScriptingTraits (0ms)
		AnalyzeDomain (124ms)
			TypeCache.Refresh (10ms)
				TypeCache.ScanAssembly (0ms)
			BuildScriptInfoCaches (107ms)
			ResolveRequiredComponents (4ms)
	FinalizeReload (605ms)
		ReleaseScriptCaches (0ms)
		RebuildScriptCaches (0ms)
		SetupLoadedEditorAssemblies (494ms)
			LogAssemblyErrors (0ms)
			InitializePlatformSupportModulesInManaged (9ms)
			SetLoadedEditorAssemblies (5ms)
			BeforeProcessingInitializeOnLoad (80ms)
			ProcessInitializeOnLoadAttributes (378ms)
			ProcessInitializeOnLoadMethodAttributes (21ms)
			AfterProcessingInitializeOnLoad (1ms)
			EditorAssembliesLoaded (0ms)
		ExecutionOrderSort2 (0ms)
		AwakeInstancesAfterBackupRestoration (5ms)
Refreshing native plugins compatible for Editor in 1.44 ms, found 3 plugins.
Preloading 0 native plugins for Editor in 0.00 ms.
Unloading 0 Unused Serialized files (Serialized files now loaded: 0)
Unloading 3345 unused Assets / (1.1 MB). Loaded Objects now: 3853.
Memory consumption went from 83.1 MB to 82.1 MB.
Total: 10.271000 ms (FindLiveObjects: 0.627200 ms CreateObjectMapping: 0.342300 ms MarkObjects: 7.613800 ms  DeleteObjects: 1.684400 ms)

Prepare: number of updated asset objects reloaded= 0
========================================================================
Received Import Request.
  Time since last request: 696.886470 seconds.
  path: Assets/Joystick Pack/Examples/Ground.mat
  artifactKey: Guid(c569c280f0eb52a49a7b2a6b8b0cbcf8) Importer(815301076,1909f56bfc062723c751e8b465ee728b)
Start importing Assets/Joystick Pack/Examples/Ground.mat using Guid(c569c280f0eb52a49a7b2a6b8b0cbcf8) Importer(815301076,1909f56bfc062723c751e8b465ee728b) (PreviewImporter) -> (artifact id: '3dba0fdbd7c6e8529146e62bdfe81539') in 0.2116423 seconds
Number of updated asset objects reloaded before import = 0Number of asset objects unloaded after import = 1

========================================================================
Received Import Request.
  Time since last request: 10.993096 seconds.
  path: Assets/Joystick Pack/Prefabs/Dynamic Joystick.prefab
  artifactKey: Guid(56fae09712773584fb63896d473a98ee) Importer(815301076,1909f56bfc062723c751e8b465ee728b)
Start importing Assets/Joystick Pack/Prefabs/Dynamic Joystick.prefab using Guid(56fae09712773584fb63896d473a98ee) Importer(815301076,1909f56bfc062723c751e8b465ee728b) (PreviewImporter) -> (artifact id: '819cba8be49c56bbc3cbc48d80b572cf') in 0.014383 seconds
Number of updated asset objects reloaded before import = 0Number of asset objects unloaded after import = 17

========================================================================
Received Import Request.
  Time since last request: 0.000023 seconds.
  path: Assets/Joystick Pack/Prefabs/Floating Joystick.prefab
  artifactKey: Guid(0d230cc8be529a542a08cb878ab14b18) Importer(815301076,1909f56bfc062723c751e8b465ee728b)
Start importing Assets/Joystick Pack/Prefabs/Floating Joystick.prefab using Guid(0d230cc8be529a542a08cb878ab14b18) Importer(815301076,1909f56bfc062723c751e8b465ee728b) (PreviewImporter) -> (artifact id: 'ca9a657cdf03c3d96c240e1c52ce241c') in 0.0022707 seconds
Number of updated asset objects reloaded before import = 0Number of asset objects unloaded after import = 17

========================================================================
Received Import Request.
  Time since last request: 1281.579083 seconds.
  path: Assets/Materials/Floor2.mat
  artifactKey: Guid(0cf861529a80c974194bc7686a360471) Importer(815301076,1909f56bfc062723c751e8b465ee728b)
Start importing Assets/Materials/Floor2.mat using Guid(0cf861529a80c974194bc7686a360471) Importer(815301076,1909f56bfc062723c751e8b465ee728b) (PreviewImporter) -> (artifact id: 'a1c3b5e48fdaf3cbddbfbb42191bda44') in 0.2543871 seconds
Number of updated asset objects reloaded before import = 0Number of asset objects unloaded after import = 1

========================================================================
Received Import Request.
  Time since last request: 43.109539 seconds.
  path: Assets/Cute Supermarket Lite/Models
  artifactKey: Guid(773561bb216358948902bf748a17b275) Importer(815301076,1909f56bfc062723c751e8b465ee728b)
Start importing Assets/Cute Supermarket Lite/Models using Guid(773561bb216358948902bf748a17b275) Importer(815301076,1909f56bfc062723c751e8b465ee728b) (PreviewImporter) -> (artifact id: 'b4286017611a5c53cfcffaa798c4341b') in 0.0036664 seconds
Number of updated asset objects reloaded before import = 0Number of asset objects unloaded after import = 0

========================================================================
Received Import Request.
  Time since last request: 13.389440 seconds.
  path: Assets/Prefabs/ThreeBox/Match3D Object Pack - Fruits and Vegetables
  artifactKey: Guid(9db2357073a068247aeba46007713228) Importer(815301076,1909f56bfc062723c751e8b465ee728b)
Start importing Assets/Prefabs/ThreeBox/Match3D Object Pack - Fruits and Vegetables using Guid(9db2357073a068247aeba46007713228) Importer(815301076,1909f56bfc062723c751e8b465ee728b) (PreviewImporter) -> (artifact id: '7d476562f9ec0985b62fd6676e6d1bbf') in 0.0019558 seconds
Number of updated asset objects reloaded before import = 0Number of asset objects unloaded after import = 0

========================================================================
Received Import Request.
  Time since last request: 1.458361 seconds.
  path: Assets/Prefabs/ThreeBox/Match3D Object Pack - Fruits and Vegetables/Scenes
  artifactKey: Guid(6ea315d0fd7389c41b19996891e99ae3) Importer(815301076,1909f56bfc062723c751e8b465ee728b)
Start importing Assets/Prefabs/ThreeBox/Match3D Object Pack - Fruits and Vegetables/Scenes using Guid(6ea315d0fd7389c41b19996891e99ae3) Importer(815301076,1909f56bfc062723c751e8b465ee728b) (PreviewImporter) -> (artifact id: 'ebc56a425f574277bef41ed2dd408776') in 0.0028194 seconds
Number of updated asset objects reloaded before import = 0Number of asset objects unloaded after import = 0

========================================================================
Received Import Request.
  Time since last request: 3.837503 seconds.
  path: Assets/Prefabs/ThreeBox/Match3D Object Pack - Fruits and Vegetables/Resources
  artifactKey: Guid(72fe85d2b4fe3cd44ac5145ec1361e67) Importer(815301076,1909f56bfc062723c751e8b465ee728b)
Start importing Assets/Prefabs/ThreeBox/Match3D Object Pack - Fruits and Vegetables/Resources using Guid(72fe85d2b4fe3cd44ac5145ec1361e67) Importer(815301076,1909f56bfc062723c751e8b465ee728b) (PreviewImporter) -> (artifact id: 'd273d78a11ac6794dd1f87dfa8b2cebf') in 0.0074766 seconds
Number of updated asset objects reloaded before import = 0Number of asset objects unloaded after import = 0

========================================================================
Received Import Request.
  Time since last request: 1.140275 seconds.
  path: Assets/Prefabs/ThreeBox/Match3D Object Pack - Fruits and Vegetables/Resources/Models
  artifactKey: Guid(1ae30e870813a58459fdeebce4d81b1c) Importer(815301076,1909f56bfc062723c751e8b465ee728b)
Start importing Assets/Prefabs/ThreeBox/Match3D Object Pack - Fruits and Vegetables/Resources/Models using Guid(1ae30e870813a58459fdeebce4d81b1c) Importer(815301076,1909f56bfc062723c751e8b465ee728b) (PreviewImporter) -> (artifact id: '978adaa9de953f375b44cc38d0bc68d7') in 0.0009865 seconds
Number of updated asset objects reloaded before import = 0Number of asset objects unloaded after import = 0

========================================================================
Received Import Request.
  Time since last request: 1.850655 seconds.
  path: Assets/Prefabs/ThreeBox/Match3D Object Pack - Fruits and Vegetables/Resources/Models/Fruits
  artifactKey: Guid(6a58086123aa94a4c8e65c7a10e9acea) Importer(815301076,1909f56bfc062723c751e8b465ee728b)
Start importing Assets/Prefabs/ThreeBox/Match3D Object Pack - Fruits and Vegetables/Resources/Models/Fruits using Guid(6a58086123aa94a4c8e65c7a10e9acea) Importer(815301076,1909f56bfc062723c751e8b465ee728b) (PreviewImporter) -> (artifact id: '7b10f5b4068dd1ecae7020764802d5f7') in 0.0013202 seconds
Number of updated asset objects reloaded before import = 0Number of asset objects unloaded after import = 0

========================================================================
Received Import Request.
  Time since last request: 0.067322 seconds.
  path: Assets/Prefabs/ThreeBox/Match3D Object Pack - Fruits and Vegetables/Resources/Models/Fruits/Apple.fbx
  artifactKey: Guid(b0a9744a3a917f9499f4db4494901e15) Importer(815301076,1909f56bfc062723c751e8b465ee728b)
Start importing Assets/Prefabs/ThreeBox/Match3D Object Pack - Fruits and Vegetables/Resources/Models/Fruits/Apple.fbx using Guid(b0a9744a3a917f9499f4db4494901e15) Importer(815301076,1909f56bfc062723c751e8b465ee728b) (PreviewImporter) -> (artifact id: 'd1b76a6c3bb0038f9f3836b07179bd92') in 0.6023547 seconds
Number of updated asset objects reloaded before import = 0Number of asset objects unloaded after import = 9

========================================================================
Received Import Request.
  Time since last request: 0.000029 seconds.
  path: Assets/Prefabs/ThreeBox/Match3D Object Pack - Fruits and Vegetables/Resources/Models/Fruits/Watermelon.fbx
  artifactKey: Guid(c24bb3da931dfe84f88816cde5d356ef) Importer(815301076,1909f56bfc062723c751e8b465ee728b)
Start importing Assets/Prefabs/ThreeBox/Match3D Object Pack - Fruits and Vegetables/Resources/Models/Fruits/Watermelon.fbx using Guid(c24bb3da931dfe84f88816cde5d356ef) Importer(815301076,1909f56bfc062723c751e8b465ee728b) (PreviewImporter) -> (artifact id: '64f38fcddc985e872719c77280d8dcef') in 0.043473 seconds
Number of updated asset objects reloaded before import = 0Number of asset objects unloaded after import = 9

========================================================================
Received Import Request.
  Time since last request: 0.000034 seconds.
  path: Assets/Prefabs/ThreeBox/Match3D Object Pack - Fruits and Vegetables/Resources/Models/Fruits/Strawberry.fbx
  artifactKey: Guid(184933852d2eb42438b8c17a3b1aa4cc) Importer(815301076,1909f56bfc062723c751e8b465ee728b)
Start importing Assets/Prefabs/ThreeBox/Match3D Object Pack - Fruits and Vegetables/Resources/Models/Fruits/Strawberry.fbx using Guid(184933852d2eb42438b8c17a3b1aa4cc) Importer(815301076,1909f56bfc062723c751e8b465ee728b) (PreviewImporter) -> (artifact id: 'cf276b035b768e9c07aa2a9463f13cdb') in 0.0467216 seconds
Number of updated asset objects reloaded before import = 0Number of asset objects unloaded after import = 9

========================================================================
Received Import Request.
  Time since last request: 0.000019 seconds.
  path: Assets/Prefabs/ThreeBox/Match3D Object Pack - Fruits and Vegetables/Resources/Models/Fruits/Orange.fbx
  artifactKey: Guid(cc4245038f440aa409362642bcb166d0) Importer(815301076,1909f56bfc062723c751e8b465ee728b)
Start importing Assets/Prefabs/ThreeBox/Match3D Object Pack - Fruits and Vegetables/Resources/Models/Fruits/Orange.fbx using Guid(cc4245038f440aa409362642bcb166d0) Importer(815301076,1909f56bfc062723c751e8b465ee728b) (PreviewImporter) -> (artifact id: '8159a2d56c244e7c9471ec3c4e8ccf5b') in 0.0417505 seconds
Number of updated asset objects reloaded before import = 0Number of asset objects unloaded after import = 9

========================================================================
Received Import Request.
  Time since last request: 4.308238 seconds.
  path: Assets/Prefabs/ThreeBox/Match3D Object Pack - Fruits and Vegetables/Resources/Models/Vegetables
  artifactKey: Guid(236a0aedcfa421e4c9704c6e2d7bc2b9) Importer(815301076,1909f56bfc062723c751e8b465ee728b)
Start importing Assets/Prefabs/ThreeBox/Match3D Object Pack - Fruits and Vegetables/Resources/Models/Vegetables using Guid(236a0aedcfa421e4c9704c6e2d7bc2b9) Importer(815301076,1909f56bfc062723c751e8b465ee728b) (PreviewImporter) -> (artifact id: '877bf2512db892b01162eb721c4c5d0c') in 0.001998 seconds
Number of updated asset objects reloaded before import = 0Number of asset objects unloaded after import = 0

========================================================================
Received Import Request.
  Time since last request: 0.055440 seconds.
  path: Assets/Prefabs/ThreeBox/Match3D Object Pack - Fruits and Vegetables/Resources/Models/Vegetables/Cabbage.fbx
  artifactKey: Guid(48d4b1e2ed74a0a4aa162a67b307fe14) Importer(815301076,1909f56bfc062723c751e8b465ee728b)
Start importing Assets/Prefabs/ThreeBox/Match3D Object Pack - Fruits and Vegetables/Resources/Models/Vegetables/Cabbage.fbx using Guid(48d4b1e2ed74a0a4aa162a67b307fe14) Importer(815301076,1909f56bfc062723c751e8b465ee728b) (PreviewImporter) -> (artifact id: 'c129350cead45927808e5726463983aa') in 0.0446214 seconds
Number of updated asset objects reloaded before import = 0Number of asset objects unloaded after import = 9

========================================================================
Received Import Request.
  Time since last request: 0.000019 seconds.
  path: Assets/Prefabs/ThreeBox/Match3D Object Pack - Fruits and Vegetables/Resources/Models/Vegetables/Pepper.fbx
  artifactKey: Guid(d27021cd19462844c9401ba927e7e80d) Importer(815301076,1909f56bfc062723c751e8b465ee728b)
Start importing Assets/Prefabs/ThreeBox/Match3D Object Pack - Fruits and Vegetables/Resources/Models/Vegetables/Pepper.fbx using Guid(d27021cd19462844c9401ba927e7e80d) Importer(815301076,1909f56bfc062723c751e8b465ee728b) (PreviewImporter) -> (artifact id: 'dd3dc1f04fe66116bb2442b032af9c05') in 0.0367852 seconds
Number of updated asset objects reloaded before import = 0Number of asset objects unloaded after import = 9

========================================================================
Received Import Request.
  Time since last request: 0.000036 seconds.
  path: Assets/Prefabs/ThreeBox/Match3D Object Pack - Fruits and Vegetables/Resources/Models/Vegetables/Cucumber.fbx
  artifactKey: Guid(b447c63c6c76c5f4c8837ac158b10435) Importer(815301076,1909f56bfc062723c751e8b465ee728b)
Start importing Assets/Prefabs/ThreeBox/Match3D Object Pack - Fruits and Vegetables/Resources/Models/Vegetables/Cucumber.fbx using Guid(b447c63c6c76c5f4c8837ac158b10435) Importer(815301076,1909f56bfc062723c751e8b465ee728b) (PreviewImporter) -> (artifact id: '72a8a67d964a32cd15b4cf23df7f2fa0') in 0.0348479 seconds
Number of updated asset objects reloaded before import = 0Number of asset objects unloaded after import = 9

========================================================================
Received Import Request.
  Time since last request: 8.034343 seconds.
  path: Assets/Prefabs/ThreeBox/Match3D Object Pack - Fruits and Vegetables/Resources/Models/Add
  artifactKey: Guid(c613c34dd9c78ca4fa5c00633597dc79) Importer(815301076,1909f56bfc062723c751e8b465ee728b)
Start importing Assets/Prefabs/ThreeBox/Match3D Object Pack - Fruits and Vegetables/Resources/Models/Add using Guid(c613c34dd9c78ca4fa5c00633597dc79) Importer(815301076,1909f56bfc062723c751e8b465ee728b) (PreviewImporter) -> (artifact id: 'a34d3d71b35376bf2b57c1609ae8126f') in 0.0009892 seconds
Number of updated asset objects reloaded before import = 0Number of asset objects unloaded after import = 0

========================================================================
Received Import Request.
  Time since last request: 0.058529 seconds.
  path: Assets/Prefabs/ThreeBox/Match3D Object Pack - Fruits and Vegetables/Resources/Models/Add/StorageTray.fbx
  artifactKey: Guid(3edeb4e06d9c37145aeaf69d71735c19) Importer(815301076,1909f56bfc062723c751e8b465ee728b)
Start importing Assets/Prefabs/ThreeBox/Match3D Object Pack - Fruits and Vegetables/Resources/Models/Add/StorageTray.fbx using Guid(3edeb4e06d9c37145aeaf69d71735c19) Importer(815301076,1909f56bfc062723c751e8b465ee728b) (PreviewImporter) -> (artifact id: 'ee14e5ab2c3be23eed23e2e722627a6e') in 0.0306635 seconds
Number of updated asset objects reloaded before import = 0Number of asset objects unloaded after import = 10

========================================================================
Received Import Request.
  Time since last request: 251.735268 seconds.
  path: Assets/Prefabs/Cute Supermarket Lite/Materials/overview_floor.mat
  artifactKey: Guid(aa12955d6d536064bbe0e86fc1bae53a) Importer(815301076,1909f56bfc062723c751e8b465ee728b)
Start importing Assets/Prefabs/Cute Supermarket Lite/Materials/overview_floor.mat using Guid(aa12955d6d536064bbe0e86fc1bae53a) Importer(815301076,1909f56bfc062723c751e8b465ee728b) (PreviewImporter) -> (artifact id: '00abafa5d17c93f7706ecff7416ca261') in 0.0413145 seconds
Number of updated asset objects reloaded before import = 0Number of asset objects unloaded after import = 1

